2018-04-12 00:00:00,0.2727,0.2548,0.1888,0.1602,0.2074,0.1399,0.2891,0.2458,0.3323,0.2632,0,0,0.125,-0.3125,0,0
2018-04-12 00:00:00,0.2786,0.2679,0.1896,0.159,0.212,0.1507,0.3043,0.2434,0.3292,0.2575,0,0,0.125,-0.31,0,0
2018-04-12 00:02:00,0.275,0.2544,0.193,0.1602,0.2155,0.1481,0.3011,0.2338,0.3257,0.2592,0,0,0.125,-0.31,0,0
2018-04-12 00:03:00,0.2912,0.261,0.1937,0.1617,0.2181,0.1548,0.3056,0.2419,0.3277,0.2661,0,0,0.125,-0.375,0,0
2018-04-12 00:03:00,0.2806,0.2571,0.1936,0.1587,0.2191,0.1499,0.3054,0.2388,0.3254,0.2592,0,0,0.125,-0.3125,0,0
2018-04-12 00:04:00,0.2886,0.2747,0.1989,0.1671,0.2146,0.1454,0.3015,0.2365,0.3245,0.2557,0,0,0.0625,-0.3125,0,0
2018-04-12 00:05:00,0.2931,0.2784,0.2038,0.1668,0.2074,0.1545,0.3025,0.2476,0.3282,0.2608,0,0,0.0625,-0.375,0,0
2018-04-12 00:06:00,0.2774,0.2686,0.1925,0.1587,0.2102,0.154,0.3164,0.2472,0.3346,0.2589,0,0,0.0625,-0.4375,0,0
2018-04-12 00:07:00,0.2733,0.2537,0.1991,0.1668,0.2137,0.1551,0.3009,0.24,0.3217,0.2474,0,0,0.0625,-0.4375,0,0
2018-04-12 00:08:00,0.2858,0.2684,0.1912,0.1695,0.2076,0.1488,0.3027,0.2416,0.3328,0.2578,0,0,0.0625,-0.375,0,0
2018-04-12 00:08:00,0.2708,0.2651,0.1925,0.1608,0.2162,0.1531,0.2972,0.24,0.3213,0.2485,0,0,0.0625,-0.375,0,0
2018-04-12 00:10:00,0.289,0.2672,0.1974,0.1615,0.2057,0.1487,0.2854,0.2306,0.3302,0.2638,0,0,0,-0.4375,0,0
2018-04-12 00:10:00,0.282,0.2667,0.1929,0.1653,0.2075,0.1499,0.2884,0.2372,0.3343,0.2635,0,0,0,-0.375,0,0
2018-04-12 00:12:00,0.2769,0.262,0.2024,0.1646,0.2139,0.1363,0.2903,0.2427,0.3324,0.2616,0,0,0.0625,-0.4375,0,0
2018-04-12 00:13:00,0.2844,0.2651,0.1964,0.1611,0.2115,0.1457,0.2863,0.2386,0.3371,0.255,0,0,0.0625,-0.375,0,0
2018-04-12 00:14:00,0.2848,0.2658,0.2057,0.1598,0.2082,0.1478,0.2984,0.2462,0.332,0.2669,0,0,0,-0.3125,0,0
2018-04-12 00:15:00,0.2806,0.254,0.2039,0.1627,0.207,0.1505,0.2904,0.2468,0.326,0.2599,0,0,0,-0.25,0,0
2018-04-12 00:16:00,0.2798,0.2525,0.2017,0.1609,0.2074,0.1505,0.2925,0.2378,0.3338,0.2698,0,0,0,-0.3125,0,0
2018-04-12 00:17:00,0.2829,0.248,0.2058,0.1648,0.2147,0.1414,0.2939,0.2433,0.3323,0.2586,0,0,0,-0.25,0,0
2018-04-12 00:17:00,0.2791,0.2558,0.1937,0.1634,0.2114,0.1486,0.2974,0.2529,0.3386,0.2558,0,0,0,-0.3125,0,0
2018-04-12 00:18:00,0.2831,0.2541,0.1962,0.1635,0.204,0.1508,0.3042,0.2402,0.3339,0.2485,0,0,0,-0.25,0,0
2018-04-12 00:19:00,0.2909,0.2655,0.1947,0.168,0.2073,0.1529,0.2858,0.2476,0.3266,0.2532,0,0,0,-0.25,0,0
2018-04-12 00:20:00,0.2809,0.267,0.2011,0.1631,0.2151,0.1477,0.2963,0.2508,0.3371,0.2445,0,0,0,-0.1875,0,0
2018-04-12 00:21:00,0.2944,0.2733,0.2017,0.1662,0.212,0.1526,0.2881,0.2454,0.3306,0.2538,0,0,0,-0.1875,0,0
2018-04-12 00:22:00,0.2881,0.2606,0.1977,0.1621,0.2088,0.1504,0.2937,0.2334,0.3347,0.2488,0,0,0,-0.187,0,0
2018-04-12 00:23:00,0.2903,0.263,0.2021,0.1669,0.2097,0.1478,0.3033,0.2444,0.3257,0.264,0,0,0.0625,-0.25,0,0
2018-04-12 00:24:00,0.2815,0.2574,0.2051,0.1638,0.213,0.1515,0.2967,0.2535,0.3389,0.2539,0,0,0.0625,-0.25,0,0
2018-04-12 00:25:00,0.2809,0.2592,0.2039,0.1622,0.2084,0.1477,0.2929,0.2445,0.3375,0.2633,0,0,0.0625,-0.1875,0,0
2018-04-12 00:26:00,0.2993,0.265,0.1999,0.1597,0.2118,0.1527,0.2973,0.2413,0.3253,0.2611,0,0,0.0625,-0.0625,0,0
2018-04-12 00:27:00,0.2797,0.262,0.1984,0.168,0.2074,0.1485,0.3049,0.249,0.3302,0.2591,0,0,0,0,0,0
2018-04-12 00:27:00,0.2861,0.2573,0.1992,0.1594,0.2101,0.1525,0.2992,0.2414,0.3374,0.2654,0,0,0,-0.0625,0,0
2018-04-12 00:28:00,0.2858,0.27,0.1935,0.1614,0.2069,0.1392,0.307,0.2512,0.3423,0.2716,0,0,0.0625,-0.125,0,0
2018-04-12 00:29:00,0.2844,0.2752,0.2035,0.1595,0.2045,0.1438,0.2998,0.2354,0.329,0.2585,0,0,0.0625,-0.125,0,0
2018-04-12 00:30:00,0.2795,0.2644,0.1992,0.1589,0.2128,0.1482,0.2981,0.2407,0.3215,0.2557,0,0,0.0625,-0.18,0,0
2018-04-12 00:31:00,0.2865,0.2709,0.2044,0.1628,0.2162,0.1422,0.2983,0.2351,0.3303,0.2588,0,0,0.0625,-0.125,0,0
2018-04-12 00:32:00,0.2936,0.2734,0.2075,0.166,0.2056,0.149,0.2899,0.2333,0.3383,0.2678,0,0,0.0625,-0.125,0,0
2018-04-12 00:32:00,0.2759,0.2661,0.2015,0.1654,0.2106,0.1474,0.3075,0.2418,0.3269,0.258,0,0,0.125,-0.0625,0,0
2018-04-12 00:33:00,0.2838,0.2554,0.1931,0.163,0.2135,0.1519,0.3031,0.2386,0.33,0.2608,0,0,0.125,-0.125,0,0
2018-04-12 00:34:00,0.2875,0.2729,0.1981,0.1651,0.214,0.1432,0.3057,0.2346,0.3295,0.2661,0,0,0.125,-0.125,0,0
2018-04-12 00:35:00,0.278,0.2601,0.1957,0.1633,0.2184,0.1417,0.2871,0.2327,0.3223,0.2543,0,0,0.125,-0.25,0,0
2018-04-12 00:36:00,0.2794,0.2689,0.1957,0.1566,0.2079,0.1562,0.3042,0.251,0.3357,0.269,0,0,0.125,-0.3125,0,0
2018-04-12 00:37:00,0.2893,0.2561,0.185,0.1535,0.2032,0.1465,0.2933,0.2495,0.323,0.262,0,0,0.125,-0.25,0,0
2018-04-12 00:38:00,0.2866,0.2709,0.1938,0.164,0.2066,0.1425,0.2906,0.2368,0.3279,0.2589,0,0,0.125,-0.25,0,0
2018-04-12 00:39:00,0.284,0.2691,0.1942,0.1649,0.2059,0.1457,0.2944,0.2466,0.3335,0.2706,0,0,0.0625,-0.3125,0,0
2018-04-12 00:40:00,0.2954,0.2744,0.2002,0.1645,0.2049,0.1421,0.2889,0.2383,0.3319,0.2664,0,0,0.0625,-0.3125,0,0
2018-04-12 00:40:00,0.2905,0.2655,0.1988,0.1635,0.201,0.1449,0.2887,0.2424,0.3283,0.2505,0,0,0.0625,-0.3125,0,0
2018-04-12 00:41:00,0.2954,0.2652,0.2013,0.161,0.2045,0.1466,0.2988,0.2484,0.3269,0.2638,0,0,0.0625,-0.3125,0,0
2018-04-12 00:42:00,0.2784,0.2596,0.1999,0.1552,0.2044,0.1473,0.2994,0.246,0.3272,0.2711,0,0,0.062,-0.3125,0,0
2018-04-12 00:43:00,0.2992,0.2708,0.1976,0.1627,0.2111,0.1481,0.2803,0.2289,0.3321,0.2589,0,0,0.062,-0.375,0,0
2018-04-12 00:46:00,0.2744,0.2608,0.2031,0.162,0.2035,0.1488,0.2913,0.2455,0.3227,0.2584,0,0,0.0625,-0.375,0,0
2018-04-12 00:48:00,0.2825,0.2694,0.1937,0.1542,0.207,0.147,0.2884,0.236,0.3306,0.2594,0,0,0.0625,-0.4375,0,0
2018-04-12 00:49:00,0.2758,0.2562,0.197,0.1589,0.2077,0.1374,0.2902,0.2411,0.3385,0.2578,0,0,0,-0.375,0,0
2018-04-12 00:51:00,0.2876,0.2607,0.1913,0.1568,0.2066,0.1359,0.29,0.2475,0.3359,0.2598,0,0,0,-0.375,0,0
2018-04-12 00:53:00,0.2849,0.2634,0.1894,0.1597,0.2072,0.1451,0.2859,0.2495,0.3326,0.2499,0,0,0.0625,-0.1875,0,0
2018-04-12 00:54:00,0.2835,0.25,0.1952,0.1618,0.2079,0.1502,0.2903,0.2561,0.331,0.2563,0,0,0.0625,-0.125,0,0
2018-04-12 00:54:00,0.2758,0.2564,0.1965,0.1602,0.2032,0.1456,0.2888,0.2446,0.3375,0.2532,0,0,0.0625,-0.3125,0,0
2018-04-12 00:56:00,0.2757,0.2587,0.193,0.161,0.1972,0.1396,0.2856,0.2437,0.3304,0.2586,0,0,0.0625,-0.375,0,0
2018-04-12 00:57:00,0.2861,0.2676,0.1967,0.1631,0.2027,0.143,0.2933,0.2489,0.3334,0.2541,0,0,0.0625,-0.3125,0,0
2018-04-12 00:58:00,0.2794,0.2707,0.1943,0.1595,0.2017,0.1474,0.2829,0.2314,0.3341,0.2695,0,0,0,-0.3125,0,0
2018-04-12 00:58:00,0.2948,0.2703,0.1911,0.1603,0.2038,0.1407,0.291,0.2479,0.3403,0.2491,0,0,0,-0.25,0,0
2018-04-12 01:00:00,0.2887,0.2562,0.1945,0.1602,0.2023,0.146,0.2892,0.239,0.3315,0.2507,0,0,0,-0.3125,0,0
2018-04-12 01:01:00,0.2775,0.2663,0.1941,0.1579,0.1989,0.1485,0.2983,0.25,0.341,0.2533,0,0,0,-0.3125,0,0
2018-04-12 01:02:00,0.2743,0.2545,0.1986,0.1628,0.2084,0.1418,0.3044,0.2492,0.3364,0.2566,0,0,0,-0.375,0,0
2018-04-12 01:03:00,0.2884,0.276,0.1994,0.1615,0.2025,0.1454,0.2929,0.2352,0.3367,0.2471,0,0,0,-0.4375,0,0
2018-04-12 01:04:00,0.2839,0.26,0.196,0.1617,0.2064,0.1431,0.2813,0.2453,0.3294,0.2617,0,0,0,-0.375,0,0
2018-04-12 01:05:00,0.2884,0.2663,0.2034,0.1605,0.205,0.1445,0.2891,0.243,0.3334,0.2573,0,0,0,-0.3125,0,0
2018-04-12 01:06:00,0.282,0.2657,0.1972,0.1603,0.2075,0.1459,0.2892,0.2348,0.3352,0.2585,0,0,0,-0.375,0,0
2018-04-12 01:06:00,0.2887,0.2646,0.1934,0.1653,0.2043,0.1428,0.2876,0.2416,0.3328,0.2625,0,0,0,-0.4375,0,0
2018-04-12 01:08:00,0.279,0.2661,0.196,0.1638,0.2042,0.1383,0.2972,0.2412,0.3365,0.2632,0,0,0,-0.4375,0,0
2018-04-12 01:09:00,0.2851,0.261,0.204,0.1577,0.2017,0.1394,0.2926,0.2395,0.3352,0.2676,0,0,0,-0.3125,0,0
2018-04-12 01:10:00,0.2837,0.2623,0.2008,0.1675,0.2072,0.1517,0.2893,0.2378,0.3287,0.2445,0,0,0,-0.3125,0,0
2018-04-12 01:11:00,0.2844,0.2606,0.1891,0.1642,0.2065,0.1388,0.3003,0.2471,0.3316,0.2474,0,0,0,-0.25,0,0
2018-04-12 01:12:00,0.2763,0.2566,0.2002,0.1696,0.1981,0.1389,0.2914,0.2503,0.3381,0.257,0,0,0,-0.25,0,0
2018-04-12 01:13:00,0.2729,0.2548,0.1898,0.1587,0.2069,0.1426,0.2949,0.2459,0.3354,0.2503,0,0,0.0625,-0.375,0,0
2018-04-12 01:13:00,0.2711,0.2566,0.1913,0.1589,0.1962,0.1444,0.3025,0.2447,0.3437,0.2559,0,0,0.0625,-0.4375,0,0
2018-04-12 01:14:00,0.2823,0.2586,0.1987,0.1632,0.202,0.1402,0.2897,0.2423,0.3371,0.2669,0,0,0.0625,-0.4375,0,0
2018-04-12 01:15:00,0.2848,0.2518,0.1944,0.1597,0.2006,0.1495,0.2891,0.245,0.3409,0.2682,0,0,0,-0.4375,0,0
2018-04-12 01:16:00,0.2837,0.251,0.201,0.1629,0.1985,0.1386,0.2862,0.2556,0.3408,0.2577,0,0,0,-0.375,0,0
2018-04-12 01:17:00,0.2733,0.251,0.2013,0.1602,0.2029,0.1419,0.286,0.2422,0.3416,0.266,0,0,0,-0.3125,0,0
2018-04-12 01:19:00,0.2689,0.2589,0.1982,0.1639,0.2017,0.1441,0.2834,0.238,0.3275,0.2553,0,0,0,-0.3125,0,0
2018-04-12 01:20:00,0.2839,0.2609,0.1981,0.1622,0.2021,0.1451,0.2952,0.2322,0.3343,0.248,0,0,0.0625,-0.3125,0,0
2018-04-12 01:21:00,0.2797,0.2533,0.193,0.1653,0.1976,0.1457,0.2886,0.2398,0.3323,0.2617,0,0,0.0625,-0.25,0,0
2018-04-12 01:22:00,0.2798,0.2621,0.2053,0.1648,0.2107,0.1434,0.286,0.2436,0.3425,0.2597,0,0,0.0625,-0.3125,0,0
2018-04-12 01:24:00,0.2875,0.2659,0.1849,0.1572,0.2041,0.1477,0.2908,0.2337,0.3398,0.2676,0,0,0.0625,-0.25,0,0
2018-04-12 01:26:00,0.2726,0.2508,0.1916,0.1637,0.2035,0.1479,0.2836,0.2351,0.3397,0.2663,0,0,0.0625,-0.3125,0,0
2018-04-12 01:27:00,0.2845,0.2634,0.1931,0.1633,0.2077,0.1372,0.2945,0.2358,0.3321,0.2684,0,0,0.0625,-0.375,0,0
2018-04-12 01:28:00,0.2828,0.266,0.1929,0.1605,0.196,0.145,0.2929,0.2387,0.3328,0.2457,0,0,0.125,-0.3125,0,0
2018-04-12 01:29:00,0.2833,0.272,0.1949,0.1598,0.1991,0.1419,0.2917,0.249,0.3403,0.2624,0,0,0.0625,-0.375,0,0
2018-04-12 01:30:00,0.2907,0.2768,0.2002,0.1595,0.2047,0.1431,0.2935,0.2384,0.3343,0.2592,0,0,0.0625,-0.4375,0,0
2018-04-12 01:32:00,0.2803,0.2799,0.1984,0.1618,0.1987,0.1393,0.2842,0.2441,0.3386,0.266,0,0,0.0625,-0.375,0,0
2018-04-12 01:32:00,0.2797,0.2558,0.196,0.1622,0.2133,0.1462,0.2959,0.2336,0.3236,0.2485,0,0,0.0625,-0.5,0,0
2018-04-12 01:34:00,0.2886,0.2713,0.1948,0.1543,0.2059,0.148,0.2978,0.2451,0.3334,0.2667,0,0,0.0625,-0.4375,0,0
2018-04-12 01:36:00,0.2822,0.2713,0.2042,0.165,0.2083,0.1519,0.2997,0.234,0.3293,0.2641,0,0,0.125,-0.4375,0,0
2018-04-12 01:37:00,0.2882,0.266,0.1888,0.1566,0.2031,0.1439,0.2878,0.2356,0.3336,0.2623,0,0,0.125,-0.3125,0,0
2018-04-12 01:38:00,0.2809,0.2738,0.1985,0.1608,0.209,0.1445,0.3007,0.2394,0.3429,0.2661,0,0,0.125,-0.3125,0,0
2018-04-12 01:39:00,0.2879,0.268,0.1947,0.1584,0.2035,0.1439,0.2938,0.2375,0.3291,0.2571,0,0,0.125,-0.25,0,0
2018-04-12 01:40:00,0.2911,0.2686,0.1964,0.1623,0.1975,0.1421,0.2975,0.2405,0.3308,0.2606,0,0,0.0625,-0.25,0,0
2018-04-12 01:40:00,0.2826,0.261,0.1857,0.1585,0.2063,0.1432,0.2917,0.2443,0.3343,0.2561,0,0,0.125,-0.25,0,0
2018-04-12 01:41:00,0.2743,0.2653,0.1944,0.1553,0.2098,0.1441,0.2992,0.2383,0.3388,0.253,0,0,0.0625,-0.3125,0,0
2018-04-12 01:42:00,0.2823,0.2624,0.1871,0.1624,0.2047,0.146,0.2933,0.2327,0.3311,0.2675,0,0,0.0625,-0.3125,0,0
2018-04-12 01:43:00,0.2809,0.2641,0.1838,0.1597,0.2123,0.1517,0.287,0.2366,0.3351,0.2661,0,0,0.125,-0.31,0,0
2018-04-12 01:44:00,0.282,0.2623,0.1945,0.1574,0.2063,0.1464,0.3025,0.2503,0.3438,0.2524,0,0,0.125,-0.3125,0,0
2018-04-12 01:45:00,0.2767,0.268,0.1897,0.1521,0.2099,0.149,0.2956,0.2415,0.3338,0.2433,0,0,0.125,-0.3125,0,0
2018-04-12 01:47:00,0.2846,0.2592,0.1959,0.1592,0.2061,0.1516,0.2991,0.2352,0.3359,0.2653,0,0,0.125,-0.3125,0,0
2018-04-12 01:48:00,0.2843,0.2599,0.1958,0.1647,0.2077,0.145,0.2924,0.235,0.3318,0.2607,0,0,0.125,-0.3125,0,0
2018-04-12 01:50:00,0.2885,0.2728,0.2018,0.1695,0.2007,0.1412,0.2894,0.243,0.3379,0.2478,0,0,0.125,-0.25,0,0
2018-04-12 01:50:00,0.2884,0.2608,0.1994,0.1536,0.198,0.1447,0.294,0.2331,0.3331,0.255,0,0,0.125,-0.25,0,0
2018-04-12 01:51:00,0.2832,0.2646,0.1939,0.1542,0.2086,0.1509,0.2912,0.2476,0.3447,0.2546,0,0,0.1875,-0.25,0,0
2018-04-12 01:52:00,0.2873,0.2643,0.1949,0.1507,0.2059,0.1509,0.2927,0.2577,0.3372,0.2627,0,0,0.125,-0.3125,0,0
2018-04-12 01:53:00,0.2784,0.257,0.1928,0.1562,0.2089,0.1435,0.2911,0.2319,0.3285,0.2546,0,0,0.125,-0.375,0,0
2018-04-12 01:54:00,0.282,0.2731,0.1993,0.1577,0.206,0.1406,0.2827,0.2492,0.3242,0.2578,0,0,0.125,-0.375,0,0
2018-04-12 01:55:00,0.2885,0.2696,0.1973,0.1573,0.209,0.1361,0.2921,0.2511,0.3444,0.2525,0,0,0.125,-0.4375,0,0
2018-04-12 01:56:00,0.2823,0.2643,0.2009,0.1573,0.2093,0.1435,0.2898,0.23,0.3363,0.2482,0,0,0.125,-0.4375,0,0
2018-04-12 01:56:00,0.2789,0.2701,0.1999,0.1623,0.2104,0.1436,0.2962,0.2394,0.3208,0.2546,0,0,0.125,-0.4375,0,0
2018-04-12 01:57:00,0.2781,0.2644,0.2013,0.1565,0.2016,0.1323,0.2913,0.244,0.3364,0.2624,0,0,0.125,-0.5625,0,0
2018-04-12 01:59:00,0.2764,0.2556,0.1988,0.1536,0.2022,0.1444,0.2808,0.2327,0.3387,0.2569,0,0,0.125,-0.5625,0,0
2018-04-12 02:00:00,0.2733,0.2663,0.2007,0.1642,0.2091,0.1419,0.2946,0.2389,0.323,0.2447,0,0,0.0625,-0.5625,0,0
2018-04-12 02:01:00,0.2808,0.2596,0.1966,0.1568,0.2069,0.1445,0.2884,0.2413,0.3365,0.2672,0,0,0.125,-0.5,0,0
2018-04-12 02:02:00,0.2785,0.2564,0.1957,0.156,0.1966,0.1367,0.2894,0.2467,0.338,0.2591,0,0,0.0625,-0.375,0,0
2018-04-12 02:04:00,0.2805,0.2563,0.1926,0.1576,0.2041,0.1394,0.296,0.2512,0.3455,0.2626,0,0,0.125,-0.4375,0,0
2018-04-12 02:04:00,0.2813,0.2534,0.1991,0.1598,0.2043,0.1386,0.2777,0.2341,0.3374,0.2571,0,0,0.0625,-0.5,0,0
2018-04-12 02:05:00,0.2769,0.2613,0.192,0.1584,0.2065,0.1377,0.2743,0.2313,0.3311,0.2628,0,0,0.0625,-0.375,0,0
2018-04-12 02:06:00,0.2889,0.2592,0.1932,0.1574,0.1975,0.1408,0.2829,0.2418,0.3322,0.2565,0,0,0.125,-0.375,0,0
2018-04-12 02:09:00,0.2718,0.2543,0.1967,0.1627,0.2037,0.139,0.2851,0.246,0.3426,0.2668,0,0,0.125,-0.4375,0,0
2018-04-12 02:11:00,0.2815,0.2551,0.1919,0.1608,0.2077,0.1403,0.2832,0.2382,0.3491,0.2647,0,0,0.0625,-0.5,0,0
2018-04-12 02:12:00,0.2825,0.2691,0.1925,0.1617,0.2042,0.1448,0.2964,0.2361,0.3332,0.2538,0,0,0.0625,-0.4375,0,0
2018-04-12 02:13:00,0.2803,0.2624,0.1962,0.1594,0.1984,0.1395,0.2944,0.241,0.3511,0.2527,0,0,0.0625,-0.5,0,0
2018-04-12 02:14:00,0.2826,0.2609,0.1891,0.1595,0.1955,0.1404,0.2918,0.2397,0.3379,0.2539,0,0,0,-0.5625,0,0
2018-04-12 02:15:00,0.2897,0.2629,0.1946,0.1579,0.1973,0.1366,0.2852,0.2456,0.3437,0.2518,0,0,0,-0.5,0,0
2018-04-12 02:16:00,0.2799,0.2584,0.1977,0.164,0.1985,0.1437,0.277,0.2384,0.3504,0.2605,0,0,0.0625,-0.562,0,0
2018-04-12 02:17:00,0.2831,0.2514,0.1945,0.1599,0.1997,0.1355,0.2913,0.2378,0.3375,0.2547,0,0,0.0625,-0.5625,0,0
2018-04-12 02:19:00,0.2829,0.2626,0.193,0.1487,0.203,0.144,0.2946,0.2538,0.3377,0.2477,0,0,0.0625,-0.5625,0,0
2018-04-12 02:20:00,0.2834,0.2542,0.1921,0.1582,0.1987,0.1419,0.2813,0.241,0.3297,0.2552,0,0,0.0625,-0.625,0,0
2018-04-12 02:20:00,0.2742,0.2528,0.1948,0.1624,0.2005,0.1461,0.2958,0.2451,0.3337,0.2515,0,0,0.0625,-0.5625,0,0
2018-04-12 02:21:00,0.2911,0.2551,0.1969,0.1575,0.2016,0.1377,0.2931,0.2376,0.3458,0.2638,0,0,0.0625,-0.5625,0,0
2018-04-12 02:22:00,0.2813,0.2579,0.1925,0.1597,0.1979,0.1359,0.2905,0.2458,0.336,0.2487,0,0,0.0625,-0.5,0,0
2018-04-12 02:23:00,0.2831,0.2587,0.1917,0.1587,0.2014,0.1495,0.2862,0.2449,0.3448,0.2648,0,0,0.0625,-0.5,0,0
2018-04-12 02:24:00,0.2837,0.2504,0.1905,0.1602,0.2114,0.1337,0.2864,0.2424,0.3364,0.2549,0,0,0.0625,-0.5,0,0
2018-04-12 02:25:00,0.2862,0.2566,0.1953,0.1623,0.2082,0.1386,0.2744,0.2387,0.3329,0.2565,0,0,0.0625,-0.5625,0,0
2018-04-12 02:25:00,0.2805,0.267,0.1979,0.1625,0.2027,0.1414,0.2897,0.2448,0.3356,0.2633,0,0,0.0625,-0.5625,0,0
2018-04-12 02:26:00,0.2726,0.2589,0.1972,0.1623,0.202,0.1357,0.2847,0.2433,0.3464,0.2624,0,0,0.0625,-0.5625,0,0
2018-04-12 02:27:00,0.2861,0.2543,0.1955,0.1589,0.2047,0.1449,0.2951,0.2466,0.338,0.2614,0,0,0.125,-0.5,0,0
2018-04-12 02:29:00,0.2881,0.2592,0.1981,0.167,0.2002,0.1446,0.289,0.2395,0.3425,0.2559,0,0,0.125,-0.5,0,0
2018-04-12 02:29:00,0.2755,0.2497,0.202,0.1606,0.2058,0.1368,0.2913,0.2386,0.3415,0.2582,0,0,0.125,-0.5,0,0
2018-04-12 02:30:00,0.2836,0.248,0.1981,0.1607,0.2082,0.1451,0.2851,0.247,0.35,0.2587,0,0,0.0625,-0.5,0,0
2018-04-12 02:31:00,0.2766,0.2542,0.1972,0.1659,0.2035,0.145,0.2918,0.2442,0.3445,0.2567,0,0,0.125,-0.5625,0,0
2018-04-12 02:32:00,0.2779,0.2537,0.1946,0.1607,0.2065,0.1423,0.2844,0.2495,0.3356,0.256,0,0,0.0625,-0.5625,0,0
2018-04-12 02:33:00,0.2805,0.2531,0.1942,0.1554,0.2003,0.1436,0.2833,0.2453,0.3367,0.2491,0,0,0.0625,-0.5625,0,0
2018-04-12 02:33:00,0.293,0.2625,0.2038,0.1566,0.195,0.1437,0.2695,0.2441,0.3495,0.2639,0,0,0.0625,-0.625,0,0
2018-04-12 02:35:00,0.2795,0.264,0.2,0.159,0.2025,0.1421,0.2863,0.245,0.3413,0.2493,0,0,0.125,-0.625,0,0
2018-04-12 02:35:00,0.267,0.2641,0.1873,0.1564,0.1988,0.1391,0.2811,0.2437,0.341,0.2638,0,0,0.0625,-0.625,0,0
2018-04-12 02:37:00,0.2815,0.2536,0.1957,0.1637,0.203,0.1405,0.2816,0.2395,0.3383,0.2566,0,0,0.0625,-0.625,0,0
2018-04-12 02:37:00,0.2715,0.2531,0.196,0.1633,0.1995,0.1393,0.2849,0.2489,0.3347,0.2528,0,0,0.125,-0.6875,0,0
2018-04-12 02:38:00,0.283,0.2601,0.1969,0.1645,0.2154,0.1466,0.2838,0.2398,0.336,0.2622,0,0,0.125,-0.6875,0,0
2018-04-12 02:39:00,0.2772,0.2554,0.1986,0.1642,0.2095,0.143,0.2811,0.2421,0.3365,0.2503,0,0,0.125,-0.5625,0,0
2018-04-12 02:40:00,0.285,0.2669,0.1986,0.1653,0.2066,0.1467,0.296,0.2424,0.3426,0.2645,0,0,0.125,-0.5625,0,0
2018-04-12 02:41:00,0.2752,0.2509,0.1953,0.1584,0.1985,0.148,0.2864,0.2424,0.3359,0.2618,0,0,0.0625,-0.56,0,0
2018-04-12 02:41:00,0.2893,0.2616,0.1926,0.158,0.1996,0.1326,0.2882,0.2412,0.34,0.2668,0,0,0.125,-0.562,0,0
2018-04-12 02:43:00,0.2748,0.2568,0.1928,0.1633,0.2038,0.1424,0.2955,0.2384,0.3375,0.2624,0,0,0.125,-0.5625,0,0
2018-04-12 02:44:00,0.285,0.263,0.1915,0.1613,0.211,0.1455,0.2913,0.2478,0.3481,0.2528,0,0,0.125,-0.5625,0,0
2018-04-12 02:44:00,0.2961,0.275,0.2013,0.1624,0.2117,0.1447,0.2973,0.2427,0.3407,0.2691,0,0,0.0625,-0.5625,0,0
2018-04-12 02:45:00,0.2856,0.2643,0.1911,0.1617,0.2082,0.1537,0.297,0.2458,0.3243,0.2582,0,0,0.125,-0.625,0,0
2018-04-12 02:47:00,0.2833,0.2506,0.1933,0.1592,0.2079,0.1525,0.2782,0.2337,0.3375,0.2679,0,0,0.125,-0.625,0,0
2018-04-12 02:48:00,0.2866,0.2554,0.2001,0.1597,0.216,0.1469,0.2804,0.2367,0.3372,0.2571,0,0,0.125,-0.625,0,0
2018-04-12 02:49:00,0.2831,0.2691,0.2013,0.165,0.2041,0.1453,0.291,0.2402,0.3339,0.2558,0,0,0.0625,-0.6875,0,0
2018-04-12 02:50:00,0.2858,0.2613,0.2021,0.1675,0.2062,0.1487,0.2842,0.2473,0.349,0.2673,0,0,0.0625,-0.75,0,0
2018-04-12 02:50:00,0.2922,0.262,0.2019,0.168,0.2047,0.1501,0.2937,0.2463,0.3413,0.2605,0,0,0.0625,-0.6875,0,0
2018-04-12 02:52:00,0.2875,0.2589,0.2008,0.1722,0.2074,0.148,0.3013,0.2565,0.3469,0.2574,0,0,0.0625,-0.75,0,0
2018-04-12 02:52:00,0.2848,0.2565,0.2017,0.1732,0.2076,0.1486,0.2986,0.249,0.3526,0.2585,0,0,0.0625,-0.75,0,0
2018-04-12 02:53:00,0.2849,0.2652,0.1986,0.1628,0.2003,0.1528,0.2802,0.2389,0.339,0.2645,0,0,0.0625,-0.8125,0,0
2018-04-12 02:54:00,0.2785,0.2664,0.203,0.1615,0.2031,0.1478,0.2911,0.2475,0.3434,0.2564,0,0,0.0625,-0.8125,0,0
2018-04-12 02:55:00,0.2825,0.2585,0.2009,0.167,0.2039,0.1462,0.2904,0.2441,0.3466,0.256,0,0,0.0625,-0.75,0,0
2018-04-12 02:56:00,0.2711,0.2542,0.2083,0.1625,0.2069,0.1502,0.2902,0.2508,0.3493,0.2639,0,0,0.0625,-0.75,0,0
2018-04-12 02:57:00,0.2786,0.2594,0.2036,0.1665,0.2009,0.1443,0.2949,0.2414,0.3388,0.2636,0,0,0.0625,-0.6875,0,0
2018-04-12 02:57:00,0.2836,0.2546,0.2014,0.1664,0.2002,0.1468,0.2948,0.2513,0.3451,0.264,0,0,0,-0.75,0,0
2018-04-12 02:58:00,0.2774,0.2567,0.1997,0.1681,0.1988,0.1416,0.2942,0.2538,0.3416,0.2576,0,0,0,-0.6875,0,0
2018-04-12 02:59:00,0.2725,0.2628,0.2039,0.1658,0.2028,0.151,0.2954,0.2534,0.3541,0.2704,0,0,0,-0.6875,0,0
2018-04-12 03:00:00,0.2793,0.2663,0.1976,0.1673,0.2072,0.1484,0.2889,0.2534,0.3501,0.2565,0,0,0,-0.625,0,0
2018-04-12 03:01:00,0.2756,0.2585,0.2058,0.1695,0.2049,0.1486,0.2993,0.2589,0.3312,0.2609,0,0,0,-0.6875,0,0
2018-04-12 03:02:00,0.27,0.2593,0.2009,0.1696,0.2006,0.1504,0.2856,0.2561,0.341,0.2643,0,0,0,-0.75,0,0
2018-04-12 03:03:00,0.2684,0.2554,0.2075,0.172,0.2062,0.151,0.2862,0.2527,0.3468,0.2673,0,0,0,-0.8125,0,0
2018-04-12 03:04:00,0.2764,0.2675,0.2035,0.1632,0.2101,0.147,0.2916,0.2651,0.3436,0.2566,0,0,0,-0.75,0,0
2018-04-12 03:05:00,0.2713,0.2733,0.2052,0.1641,0.2092,0.1548,0.2914,0.2557,0.3439,0.2579,0,0,0,-0.75,0,0
2018-04-12 03:06:00,0.2659,0.2762,0.2045,0.1698,0.1957,0.1552,0.2876,0.2546,0.3458,0.2546,0,0,0,-0.8125,0,0
2018-04-12 03:06:00,0.2672,0.2675,0.2082,0.1647,0.2034,0.1561,0.2875,0.2634,0.3519,0.2684,0,0,-0.0625,-0.8125,0,0
2018-04-12 03:07:00,0.2728,0.2692,0.2083,0.1674,0.2003,0.1502,0.2886,0.2678,0.3527,0.2553,0,0,-0.0625,-0.6875,0,0
2018-04-12 03:08:00,0.2726,0.2635,0.2057,0.1644,0.2048,0.1476,0.2971,0.2641,0.354,0.255,0,0,-0.0625,-0.75,0,0
2018-04-12 03:09:00,0.2714,0.2698,0.2006,0.1681,0.2012,0.1484,0.2884,0.2609,0.3479,0.258,0,0,-0.0625,-0.6875,0,0
2018-04-12 03:10:00,0.2675,0.2713,0.2055,0.1675,0.2119,0.1496,0.2902,0.2647,0.3486,0.2529,0,0,-0.125,-0.6875,0,0
2018-04-12 03:11:00,0.2645,0.274,0.2077,0.1654,0.2008,0.1593,0.2986,0.2661,0.3472,0.2491,0,0,-0.125,-0.75,0,0
2018-04-12 03:12:00,0.2594,0.2682,0.2034,0.1642,0.1989,0.1564,0.2881,0.2732,0.343,0.2709,0,0,-0.125,-0.6875,0,0
2018-04-12 03:13:00,0.2607,0.2866,0.2067,0.1597,0.2069,0.1467,0.3037,0.2767,0.3463,0.2633,0,0,-0.125,-0.75,0,0
2018-04-12 03:13:00,0.2594,0.2738,0.2075,0.1738,0.209,0.1548,0.2992,0.2713,0.3484,0.2638,0,0,-0.125,-0.75,0,0
2018-04-12 03:14:00,0.275,0.263,0.2078,0.167,0.2037,0.1559,0.3002,0.264,0.3456,0.2655,0,0,-0.125,-0.75,0,0
2018-04-12 03:15:00,0.263,0.2673,0.2058,0.1602,0.2136,0.1562,0.2937,0.2723,0.3403,0.2673,0,0,-0.125,-0.6875,0,0
2018-04-12 03:16:00,0.2635,0.2812,0.2034,0.1656,0.2033,0.1598,0.3024,0.2793,0.341,0.2731,0,0,-0.125,-0.6875,0,0
2018-04-12 03:17:00,0.2616,0.2946,0.208,0.1733,0.2055,0.1606,0.3019,0.2801,0.35,0.2638,0,0,-0.1875,-0.6875,0,0
2018-04-12 03:18:00,0.2699,0.286,0.2136,0.1716,0.2041,0.1624,0.3044,0.2808,0.3473,0.2712,0,0,-0.1875,-0.625,0,0
2018-04-12 03:19:00,0.2641,0.2956,0.2118,0.1722,0.2047,0.1691,0.2994,0.2853,0.3384,0.2829,0,0,-0.1875,-0.625,0,0
2018-04-12 03:20:00,0.2744,0.2825,0.2123,0.1686,0.2111,0.1565,0.3003,0.2849,0.3345,0.2824,0,0,-0.125,-0.625,0,0
2018-04-12 03:21:00,0.2647,0.2938,0.2147,0.1663,0.207,0.1563,0.3033,0.2797,0.3449,0.2792,0,0,-0.125,-0.5625,0,0
2018-04-12 03:21:00,0.2689,0.2727,0.2147,0.1762,0.2159,0.1573,0.2976,0.2882,0.3354,0.2873,0,0,-0.125,-0.5625,0,0
2018-04-12 03:23:00,0.2578,0.2879,0.207,0.1802,0.2069,0.1605,0.2926,0.2816,0.3472,0.2732,0,0,-0.125,-0.625,0,0
2018-04-12 03:23:00,0.2643,0.2914,0.2075,0.1773,0.2155,0.1623,0.2882,0.2715,0.3451,0.2818,0,0,-0.125,-0.6875,0,0
2018-04-12 03:24:00,0.27,0.2897,0.2192,0.172,0.2109,0.1611,0.287,0.2842,0.3408,0.2763,0,0,-0.125,-0.625,0,0
2018-04-12 03:25:00,0.2741,0.2933,0.2057,0.1729,0.212,0.1562,0.3044,0.2718,0.3521,0.2911,0,0,-0.125,-0.6875,0,0
2018-04-12 03:27:00,0.2691,0.2992,0.2148,0.1718,0.2103,0.1605,0.2902,0.2788,0.3485,0.2838,0,0,-0.125,-0.6875,0,0
2018-04-12 03:29:00,0.2823,0.2959,0.2149,0.1785,0.2125,0.1631,0.3087,0.2829,0.3325,0.2905,0,0,-0.0625,-0.75,0,0
2018-04-12 03:30:00,0.2786,0.2857,0.2124,0.1809,0.212,0.1723,0.3064,0.2783,0.3502,0.2792,0,0,-0.125,-0.75,0,0
2018-04-12 03:30:00,0.265,0.3079,0.2189,0.1797,0.2079,0.171,0.2932,0.2866,0.3557,0.2917,0,0,-0.125,-0.75,0,0
2018-04-12 03:32:00,0.2758,0.2988,0.219,0.1806,0.2121,0.1713,0.3176,0.2845,0.3531,0.3003,0,0,-0.125,-0.8125,0,0
2018-04-12 03:33:00,0.2748,0.2946,0.216,0.1814,0.2151,0.1671,0.3065,0.2907,0.3452,0.2885,0,0,-0.125,-0.9375,0,0
2018-04-12 03:34:00,0.2788,0.2978,0.2106,0.1818,0.213,0.1631,0.3012,0.2913,0.3546,0.293,0,0,-0.125,-0.9375,0,0
2018-04-12 03:35:00,0.2807,0.3093,0.208,0.1769,0.2199,0.1627,0.298,0.2931,0.3451,0.2944,0,0,-0.1875,-1.0625,0,0
2018-04-12 03:36:00,0.2812,0.3111,0.2143,0.1816,0.2198,0.166,0.2966,0.3037,0.3612,0.2965,0,0,-0.1875,-1.0625,0,0
2018-04-12 03:37:00,0.2853,0.3119,0.2153,0.179,0.2132,0.1684,0.3065,0.2891,0.3547,0.3003,0,0,-0.1875,-1.125,0,0
2018-04-12 03:37:00,0.2908,0.3087,0.2233,0.1781,0.215,0.1723,0.3003,0.2934,0.3661,0.2998,0,0,-0.1875,-1.0625,0,0
2018-04-12 03:39:00,0.282,0.3081,0.2259,0.1836,0.2155,0.1692,0.2951,0.3058,0.363,0.3073,0,0,-0.25,-1.125,0,0
2018-04-12 03:40:00,0.2864,0.3105,0.2209,0.1729,0.2257,0.1713,0.2976,0.3012,0.3578,0.3006,0,0,-0.25,-1.0625,0,0
2018-04-12 03:41:00,0.2945,0.3104,0.2215,0.1675,0.2258,0.174,0.2935,0.2994,0.3509,0.3065,0,0,-0.25,-1.0625,0,0
2018-04-12 03:42:00,0.2989,0.3065,0.2134,0.1813,0.2169,0.1669,0.3046,0.3074,0.3694,0.3107,0,0,-0.25,-1.0625,0,0
2018-04-12 03:43:00,0.2925,0.3091,0.216,0.1739,0.2276,0.1765,0.3004,0.3147,0.3664,0.3062,0.0047,0,-0.25,-1.125,0,0.00688174
2018-04-12 03:44:00,0.3014,0.3192,0.2288,0.1789,0.2239,0.1718,0.3088,0.314,0.3594,0.3055,0.0047,0,-0.25,-1.0625,0,0.00685965
2018-04-12 03:45:00,0.3011,0.3063,0.2242,0.1731,0.2221,0.1768,0.2943,0.2984,0.3626,0.3177,0.0113,0,-0.25,-0.9375,0,0.01638274
2018-04-12 03:46:00,0.2925,0.3121,0.222,0.1771,0.2192,0.1681,0.2911,0.3069,0.3482,0.2997,0.0104,0,-0.3125,-0.875,0,0.0147056
2018-04-12 03:47:00,0.299,0.3094,0.2224,0.1814,0.2197,0.1739,0.2925,0.2985,0.3547,0.3083,0.0254,0,-0.25,-0.875,0,0.03626866
2018-04-12 03:47:00,0.3085,0.3052,0.229,0.1746,0.2079,0.164,0.2818,0.3028,0.3344,0.3127,0.0235,0,-0.3125,-0.8125,0,0.03279895
2018-04-12 03:48:00,0.3101,0.3019,0.2202,0.165,0.2152,0.1623,0.2806,0.3095,0.3557,0.306,0.0735,0,-0.3125,-0.875,0,0.10393635
2018-04-12 03:49:00,0.2968,0.309,0.2217,0.1693,0.2171,0.1734,0.2885,0.2988,0.3526,0.3053,0.0725,0,-0.3125,-0.8125,0,0.1028485
2018-04-12 03:50:00,0.2934,0.3265,0.2337,0.1772,0.2305,0.1798,0.2954,0.3158,0.3634,0.3063,0.1045,0,-0.25,-0.8125,0,0.15264315
2018-04-12 03:51:00,0.2895,0.3146,0.2304,0.1767,0.2189,0.1749,0.2848,0.3136,0.363,0.3059,0.1874,0,-0.25,-0.8125,0,0.27026828
2018-04-12 03:52:00,0.2918,0.3092,0.2257,0.1726,0.2189,0.1677,0.2884,0.3074,0.3629,0.3096,0.2656,0,-0.25,-0.875,0,0.3814016
2018-04-12 03:53:00,0.2789,0.311,0.2243,0.1802,0.2171,0.1768,0.2882,0.307,0.3666,0.3062,0.4398,0,-0.3125,-0.875,0,0.63542304
2018-04-12 03:54:00,0.2817,0.3229,0.228,0.1767,0.2123,0.1714,0.2898,0.3117,0.3596,0.3062,0.6696,0,-0.3125,-0.9375,0,0.96335352
2018-04-12 03:54:00,0.2653,0.322,0.2208,0.175,0.2127,0.1615,0.2807,0.3104,0.3644,0.3,0.9634,0,-0.3125,-1,0,1.3651378
2018-04-12 03:55:00,0.2836,0.3147,0.2217,0.1768,0.2118,0.1731,0.2843,0.3079,0.3533,0.2997,1.3043,0,-0.3125,-1.125,0,1.84988869
2018-04-12 03:56:00,0.2896,0.3222,0.2264,0.1756,0.2223,0.1782,0.2922,0.3099,0.3456,0.3112,1.811,0,-0.3125,-1.25,0,2.6025881
2018-04-12 03:57:00,0.2942,0.3119,0.2307,0.1671,0.2122,0.1627,0.2793,0.3069,0.3537,0.2866,2.2207,0,-0.375,-1.3125,0,3.08499644
2018-04-12 03:58:00,0.2975,0.3204,0.2262,0.1688,0.2171,0.1736,0.2824,0.3076,0.3763,0.2969,3.1709,0,-0.375,-1.3125,0,4.55594912
2018-04-12 03:59:00,0.2879,0.3174,0.2258,0.1785,0.2166,0.1742,0.2795,0.3048,0.3724,0.2969,3.8895,0,-0.375,-1.3125,0,5.5534281
2018-04-12 04:00:00,0.279,0.3216,0.2319,0.1846,0.218,0.1722,0.2713,0.3031,0.3591,0.2956,5.239,0,-0.4375,-1.375,0,7.3414107
2018-04-12 04:01:00,0.2853,0.335,0.223,0.178,0.2086,0.1719,0.2838,0.3133,0.3571,0.2945,6.4586,0,-0.4375,-1.5,0,9.17508716
2018-04-12 04:01:00,0.2862,0.3287,0.2246,0.1917,0.2132,0.1643,0.2864,0.3113,0.3637,0.3043,8.5023,0,-0.4375,-1.6875,0,12.158289
2018-04-12 04:02:00,0.2853,0.3218,0.2258,0.19,0.2137,0.1686,0.284,0.3053,0.3764,0.3037,10.8237,0,-0.4375,-1.875,0,15.5644806
2018-04-12 04:03:00,0.293,0.3158,0.2205,0.1875,0.2197,0.1656,0.2932,0.3157,0.375,0.3102,13.4164,0,-0.5,-2.0625,0,19.58391908
2018-04-12 04:04:00,0.3026,0.3128,0.2142,0.1942,0.217,0.1691,0.2862,0.3115,0.3676,0.3047,16.8792,0,-0.5,-2.125,0,24.29085672
2018-04-12 04:05:00,0.2909,0.3141,0.2062,0.1839,0.2094,0.1723,0.2937,0.3098,0.3682,0.3106,21.2461,0,-0.5625,-2.0625,0,30.90457706
2018-04-12 04:06:00,0.2833,0.3092,0.2099,0.1933,0.2075,0.1671,0.2921,0.3003,0.3634,0.3043,24.6497,0,-0.625,-2.0625,0,35.18005184
2018-04-12 04:07:00,0.2879,0.304,0.2205,0.1866,0.2136,0.1794,0.2914,0.3107,0.3591,0.3176,26.423,0,-0.625,-2.0625,0,38.5300186
2018-04-12 04:08:00,0.28,0.3139,0.2126,0.189,0.2157,0.169,0.2914,0.3056,0.3578,0.3111,26.4541,0,-0.625,-2.0625,0,37.95898809
2018-04-12 04:09:00,0.2923,0.3049,0.2161,0.1889,0.2181,0.1792,0.3005,0.2988,0.3675,0.3005,27.0116,0,-0.6875,-2.1875,0,39.0722794
2018-04-12 04:10:00,0.2837,0.296,0.2074,0.1836,0.2166,0.1671,0.304,0.2948,0.3442,0.3162,26.8873,0,-0.6875,-2.3125,0,38.34935599
2018-04-12 04:10:00,0.2993,0.2902,0.2171,0.1893,0.219,0.1753,0.3216,0.2702,0.352,0.313,27.0898,0,-0.75,-2.4375,0,38.79530258
2018-04-12 04:11:00,0.2917,0.3031,0.1986,0.1848,0.2078,0.1699,0.3173,0.2739,0.3416,0.3044,27.3921,0,-0.75,-2.3125,0,38.54342391
2018-04-12 04:12:00,0.299,0.2911,0.2033,0.1821,0.2129,0.1808,0.3247,0.2753,0.3537,0.2998,42.2866,0,-0.8125,-2.125,0,60.65167038
2018-04-12 04:13:00,0.2936,0.2803,0.2002,0.1802,0.2135,0.1736,0.318,0.2632,0.343,0.2993,42.4684,0,-0.875,-1.875,0,59.33260164
2018-04-12 04:14:00,0.2972,0.2835,0.2058,0.1747,0.2104,0.1744,0.3257,0.2573,0.3391,0.2992,42.6285,0,-0.875,-1.62,0,59.49659745
2018-04-12 04:15:00,0.2838,0.2677,0.1908,0.1655,0.2139,0.1824,0.3305,0.2642,0.3375,0.2806,42.5937,0,-0.9375,-1.5625,0,59.42673024
2018-04-12 04:16:00,0.2937,0.2742,0.2107,0.1799,0.2164,0.1807,0.3248,0.258,0.34,0.2888,42.621,0,-0.9375,-1.625,0,59.3412183
2018-04-12 04:17:00,0.2818,0.2734,0.2087,0.1697,0.2166,0.1661,0.32,0.2368,0.3439,0.2795,42.8056,0,-0.9375,-1.625,0,57.62917928
2018-04-12 04:18:00,0.287,0.2657,0.2005,0.1714,0.2241,0.1695,0.3173,0.2445,0.3379,0.2804,42.8922,0,-1,-1.75,0,57.88731312
2018-04-12 04:19:00,0.2937,0.2691,0.2067,0.1676,0.2253,0.1693,0.3156,0.2391,0.339,0.2667,44.9236,0,-1,-1.8125,0,59.73491092
2018-04-12 04:19:00,0.2783,0.263,0.2124,0.1668,0.2175,0.1603,0.3117,0.2424,0.345,0.2723,49.171,0,-1,-1.8125,0,65.4810207
2018-04-12 04:20:00,0.2772,0.2652,0.2046,0.1676,0.2181,0.1603,0.311,0.2509,0.34,0.2708,54.5972,0,-1.0625,-1.875,0,72.7780676
2018-04-12 04:21:00,0.2776,0.2657,0.2021,0.1632,0.2143,0.1547,0.3008,0.2451,0.3413,0.2631,60.938,0,-1.0625,-1.875,0,79.52409
2018-04-12 04:22:00,0.2776,0.2644,0.2072,0.1663,0.2141,0.1535,0.3008,0.2475,0.3309,0.2557,67.3542,0,-1.0625,-1.875,0,86.77915128
2018-04-12 04:23:00,0.2844,0.2703,0.2107,0.1709,0.2201,0.1498,0.3017,0.2473,0.3333,0.2743,76.3926,0,-1.0625,-1.75,0,99.79929264
2018-04-12 04:24:00,0.2802,0.2747,0.2127,0.1702,0.2097,0.1521,0.2995,0.246,0.3412,0.2678,96.6131,0,-1.0625,-1.8125,0,126.2346765
2018-04-12 04:24:00,0.2758,0.2469,0.2086,0.172,0.212,0.1495,0.2956,0.2584,0.3368,0.276,120.7165,0,-1.0625,-1.6875,0,158.899129
2018-04-12 04:26:00,0.2878,0.2797,0.2004,0.1696,0.2117,0.1551,0.2838,0.2492,0.3376,0.2597,254.2914,0,-1.0625,-1.625,0,326.8661656
2018-04-12 04:26:00,0.268,0.2629,0.2067,0.1663,0.2045,0.1533,0.2948,0.2561,0.3458,0.2516,299.9793,0,-1.0625,-1.5625,0,390.4530569
2018-04-12 04:27:00,0.2714,0.2571,0.2116,0.1677,0.2046,0.1552,0.2837,0.2537,0.3356,0.2524,292.9081,0,-1.0625,-1.5625,0,375.0981129
2018-04-12 04:28:00,0.2873,0.2713,0.2036,0.1618,0.2091,0.1455,0.2949,0.2473,0.3307,0.2556,295.1735,0,-1.0625,-1.5625,0,376.051039
2018-04-12 04:29:00,0.2628,0.2636,0.1996,0.1671,0.2085,0.1452,0.2965,0.2435,0.3221,0.2618,293.9214,0,-1.0625,-1.5625,0,373.0156487
2018-04-12 04:30:00,0.2747,0.2735,0.1982,0.1633,0.202,0.1434,0.2897,0.2454,0.3369,0.2499,294.465,0,-1.0625,-1.75,0,372.5865645
2018-04-12 04:31:00,0.2772,0.2603,0.2012,0.1617,0.2082,0.139,0.297,0.2527,0.3336,0.2575,300.3913,0,-1.125,-1.8125,0,384.4407857
2018-04-12 04:32:00,0.2792,0.2679,0.1974,0.1608,0.1927,0.1537,0.2803,0.2529,0.3437,0.2532,312.1722,0,-1.125,-1.8125,0,400.7666704
2018-04-12 04:33:00,0.2794,0.2725,0.2023,0.1647,0.2012,0.1464,0.2881,0.2549,0.3317,0.256,314.4072,0,-1.125,-1.875,0,401.5294351
2018-04-12 04:34:00,0.2722,0.2528,0.2099,0.1592,0.1993,0.1424,0.2925,0.2537,0.3405,0.2661,319.7701,0,-1.125,-1.8125,0,414.1662335
2018-04-12 04:34:00,0.2657,0.2618,0.1985,0.1612,0.195,0.1479,0.2854,0.262,0.3437,0.2563,310.3234,0,-1.125,-1.8125,0,401.9619
2018-04-12 04:35:00,0.2632,0.2665,0.2033,0.1545,0.1999,0.1496,0.2949,0.2554,0.3405,0.2507,326.3085,0,-1.125,-1.8125,0,421.2969044
2018-04-12 04:36:00,0.2749,0.2622,0.204,0.165,0.1947,0.1526,0.2875,0.2598,0.3448,0.244,317.2317,0,-1.125,-1.875,0,408.8164918
2018-04-12 04:37:00,0.2748,0.2677,0.1988,0.1608,0.1966,0.1479,0.284,0.2524,0.3399,0.2615,309.713,0,-1.125,-1.9375,0,398.1980041
2018-04-12 04:38:00,0.2642,0.2717,0.2031,0.1602,0.1971,0.1472,0.2816,0.2607,0.3441,0.2577,317.005,0,-1.125,-1.875,0,409.3485565
2018-04-12 04:39:00,0.277,0.2806,0.2072,0.1644,0.1915,0.1532,0.2873,0.2659,0.3307,0.2614,293.3256,0,-1.12,-1.875,0,380.8832916
2018-04-12 04:40:00,0.2778,0.271,0.2024,0.1632,0.2041,0.1451,0.2888,0.2564,0.3428,0.2476,263.6507,0,-1.125,-1.875,0,337.6574515
2018-04-12 04:41:00,0.2713,0.2692,0.1983,0.1653,0.1955,0.158,0.2827,0.2651,0.3383,0.2605,263.7315,0,-1.125,-1.875,0,344.0641149
2018-04-12 04:41:00,0.2733,0.2623,0.2052,0.1604,0.1908,0.1555,0.286,0.2583,0.3395,0.2516,263.5336,0,-1.125,-1.875,0,340.1955242
2018-04-12 04:42:00,0.279,0.2563,0.206,0.1577,0.1945,0.1519,0.2879,0.2642,0.3397,0.2635,263.2664,0,-1.125,-1.875,0,344.1418381
2018-04-12 04:43:00,0.2697,0.268,0.1958,0.1647,0.1933,0.1613,0.279,0.261,0.3343,0.2546,263.6241,0,-1.125,-1.875,0,340.1278138
2018-04-12 04:44:00,0.2697,0.2645,0.2033,0.1559,0.1932,0.1475,0.2883,0.2604,0.3377,0.2647,263.3746,0,-1.125,-1.75,0,342.0182556
2018-04-12 04:45:00,0.2696,0.268,0.2063,0.1562,0.2064,0.1472,0.2975,0.2587,0.3303,0.2532,263.6714,0,-1.125,-1.75,0,339.3187247
2018-04-12 04:46:00,0.2722,0.2558,0.2045,0.1551,0.199,0.1529,0.2911,0.263,0.3431,0.2518,263.5274,0,-1.125,-1.625,0,343.0863221
2018-04-12 04:47:00,0.2828,0.2711,0.214,0.1582,0.1957,0.1504,0.2786,0.2591,0.3291,0.2591,263.4829,0,-1.125,-1.5,0,336.2832253
2018-04-12 04:48:00,0.2729,0.2663,0.2106,0.1607,0.1997,0.1479,0.2906,0.2713,0.3396,0.2604,263.71,0,-1.125,-1.5,0,345.407358
2018-04-12 04:49:00,0.2741,0.2601,0.2019,0.1585,0.1977,0.1492,0.2884,0.2557,0.3415,0.2526,272.3467,0,-1.125,-1.5625,0,350.6191416
2018-04-12 04:49:00,0.264,0.2733,0.1952,0.1557,0.2054,0.1449,0.2966,0.2648,0.3349,0.2427,283.0866,0,-1.0625,-1.625,0,363.4548857
2018-04-12 04:50:00,0.2666,0.2553,0.2094,0.1585,0.1985,0.1404,0.2929,0.2569,0.3478,0.2563,277.6,0,-1.0625,-1.625,0,359.29768
2018-04-12 04:51:00,0.2643,0.2571,0.2028,0.1643,0.2026,0.1542,0.2819,0.2553,0.3455,0.258,277.723,0,-1.0625,-1.625,0,359.6235127
2018-04-12 04:52:00,0.2716,0.262,0.2003,0.1605,0.2003,0.1472,0.2861,0.2618,0.3331,0.2643,277.7175,0,-1.0625,-1.5625,0,358.9498688
2018-04-12 04:53:00,0.2709,0.2448,0.2087,0.166,0.197,0.1459,0.2814,0.2663,0.3411,0.2578,277.756,0,-1.0625,-1.5625,0,358.99963
2018-04-12 04:54:00,0.2744,0.2613,0.1996,0.1625,0.2048,0.1415,0.2795,0.2548,0.3354,0.2552,277.4837,0,-1.0625,-1.5,0,351.4053577
2018-04-12 04:55:00,0.2607,0.2528,0.208,0.1611,0.1986,0.1457,0.2755,0.243,0.3406,0.2545,277.5667,0,-1.0625,-1.5,0,349.5397453
2018-04-12 04:56:00,0.2655,0.2615,0.2017,0.1579,0.1927,0.146,0.296,0.2422,0.3352,0.2653,277.7786,0,-1.062,-1.5,0,356.8621674
2018-04-12 04:56:00,0.2801,0.2547,0.2061,0.1642,0.2007,0.1411,0.2905,0.2452,0.3328,0.2586,277.4856,0,-1,-1.4375,0,351.9072379
2018-04-12 04:57:00,0.2693,0.2591,0.2079,0.1598,0.2001,0.1445,0.2857,0.2548,0.3383,0.2543,277.821,0,-1,-1.375,0,354.9441096
2018-04-12 04:59:00,0.2713,0.262,0.1952,0.1698,0.2023,0.146,0.2984,0.2486,0.3388,0.2597,277.5704,0,-1,-1.3125,0,358.4821716
2018-04-12 04:59:00,0.2678,0.2607,0.2004,0.1594,0.2034,0.1459,0.282,0.2526,0.3403,0.25,304.9581,0,-1,-1.1875,0,387.5407535
2018-04-12 05:00:00,0.2638,0.2493,0.2015,0.1635,0.1993,0.1426,0.2941,0.2477,0.33,0.2607,291.3129,0,-0.9375,-1.0625,0,371.4530788
2018-04-12 05:01:00,0.2673,0.259,0.1973,0.1703,0.2104,0.1384,0.2864,0.2495,0.3368,0.2499,291.1752,0,-0.9375,-1.0625,0,367.1719272
2018-04-12 05:02:00,0.2681,0.2598,0.196,0.1628,0.2107,0.1411,0.2909,0.2398,0.3113,0.2614,291.2076,0,-0.9375,-1.125,0,362.4078582
2018-04-12 05:03:00,0.2598,0.2527,0.2035,0.1655,0.2104,0.137,0.2986,0.2506,0.3324,0.2608,291.3234,0,-0.9375,-1.1875,0,372.719158
2018-04-12 05:04:00,0.2707,0.2575,0.2004,0.1629,0.2117,0.1418,0.296,0.2394,0.3436,0.2638,291.5274,0,-0.875,-1.125,0,374.496098
2018-04-12 05:05:00,0.2642,0.2513,0.1986,0.1579,0.2083,0.1417,0.2993,0.2499,0.3341,0.2573,291.261,0,-0.875,-1.125,0,373.4839803
2018-04-12 05:05:00,0.258,0.2572,0.1942,0.1555,0.2079,0.1437,0.2949,0.2472,0.3176,0.2501,289.8532,0,-0.875,-1.0625,0,363.3309862
2018-04-12 05:06:00,0.264,0.2569,0.1969,0.1627,0.206,0.1519,0.3054,0.2443,0.3188,0.2503,293.8727,0,-0.8125,-1.062,0,373.4240399
2018-04-12 05:07:00,0.2605,0.262,0.1918,0.1522,0.2029,0.1467,0.299,0.2466,0.3177,0.2485,321.743,0,-0.8125,-1.0625,0,404.9135655
2018-04-12 05:08:00,0.2622,0.26,0.1894,0.1545,0.1978,0.154,0.3119,0.2356,0.3311,0.2689,327.5141,0,-0.75,-1.0625,0,426.2596012
2018-04-12 05:09:00,0.2604,0.2592,0.1833,0.1495,0.1965,0.154,0.3114,0.2473,0.3277,0.2675,324.8308,0,-0.6875,-1,0,424.8462033
2018-04-12 05:10:00,0.2628,0.2612,0.1859,0.1557,0.1928,0.1453,0.3047,0.249,0.3155,0.2652,325.4102,0,-0.6875,-1,0,416.4274329
2018-04-12 05:11:00,0.2691,0.2579,0.1783,0.1477,0.1922,0.1545,0.3071,0.257,0.3315,0.2612,319.7848,0,-0.6875,-0.9375,0,419.3338082
2018-04-12 05:12:00,0.26,0.2619,0.1769,0.1552,0.1865,0.1439,0.3097,0.2448,0.314,0.264,325.9968,0,-0.625,-1,0,416.1023155
2018-04-12 05:13:00,0.2627,0.2699,0.1738,0.1552,0.192,0.1535,0.3027,0.2535,0.3151,0.2795,318.0927,0,-0.5625,-1,0,414.8883086
2018-04-12 05:13:00,0.2697,0.2695,0.1798,0.1517,0.1816,0.1524,0.2901,0.2629,0.3158,0.2833,327.4547,0,-0.5625,-0.9375,0,427.1646562
2018-04-12 05:14:00,0.2741,0.2724,0.1791,0.1523,0.187,0.1512,0.2965,0.261,0.3028,0.2687,328.4479,0,-0.5,-0.875,0,420.4790016
2018-04-12 05:15:00,0.2631,0.277,0.1744,0.1535,0.1796,0.1527,0.2685,0.2665,0.3012,0.2619,312.6215,0,-0.5,-0.875,0,391.0269722
2018-04-12 05:17:00,0.2649,0.2791,0.1762,0.1573,0.1765,0.1534,0.2804,0.2752,0.2912,0.2713,319.2504,0,-0.5,-0.875,0,405.9268836
2018-04-12 05:17:00,0.2681,0.2748,0.1827,0.1538,0.1706,0.1484,0.2714,0.2586,0.3137,0.2813,323.3123,0,-0.4375,-0.8125,0,411.7058828
2018-04-12 05:18:00,0.2644,0.2697,0.1772,0.1599,0.1637,0.1489,0.2616,0.2665,0.303,0.2778,325.5241,0,-0.375,-0.75,0,409.444213
2018-04-12 05:19:00,0.2561,0.2857,0.1786,0.1563,0.1769,0.1507,0.2802,0.2668,0.3071,0.2919,329.694,0,-0.375,-0.75,0,427.5142098
2018-04-12 05:22:00,0.2667,0.2758,0.1778,0.1605,0.1768,0.1468,0.264,0.267,0.31,0.2839,328.6008,0,-0.375,-0.6875,0,417.8816374
2018-04-12 05:22:00,0.2666,0.2771,0.1862,0.1523,0.173,0.1464,0.2755,0.2645,0.3036,0.2753,321.0407,0,-0.3125,-0.375,0,406.2127977
2018-04-12 05:23:00,0.2569,0.2915,0.1896,0.1591,0.1807,0.1515,0.2647,0.2745,0.2972,0.2819,324.6216,0,-0.25,-0.3125,0,412.2045077
2018-04-12 05:24:00,0.2708,0.2744,0.1841,0.1506,0.1821,0.1447,0.3103,0.2812,0.3078,0.292,323.9479,0,-0.25,-0.3125,0,432.7943944
2018-04-12 05:25:00,0.2592,0.285,0.1904,0.1552,0.1844,0.1416,0.2774,0.2616,0.3097,0.2812,326.5314,0,-0.1875,-0.3125,0,415.1846751
2018-04-12 05:26:00,0.2656,0.2814,0.1915,0.1506,0.1926,0.1445,0.2722,0.2651,0.3069,0.2787,326.1473,0,-0.1875,-0.3125,0,413.359088
2018-04-12 05:27:00,0.2713,0.2772,0.1899,0.1474,0.1873,0.1513,0.2971,0.275,0.3176,0.2741,323.4144,0,-0.125,-0.25,0,425.3222774
2018-04-12 05:28:00,0.2641,0.2658,0.1922,0.1463,0.1862,0.1465,0.2908,0.2693,0.3256,0.2647,325.6032,0,-0.125,-0.1875,0,422.2747901
2018-04-12 05:29:00,0.263,0.2716,0.1973,0.1499,0.1821,0.1425,0.284,0.263,0.3251,0.2685,331.2657,0,-0.125,-0.1875,0,425.0470197
2018-04-12 05:29:00,0.2625,0.2571,0.1889,0.1454,0.1906,0.1331,0.2703,0.2671,0.3368,0.2607,323.6983,0,-0.0625,-0.125,0,410.4494444
2018-04-12 05:30:00,0.2645,0.2556,0.1908,0.1466,0.1844,0.1409,0.267,0.2859,0.3333,0.2607,325.5324,0,-0.0625,-0.125,0,419.2206247
2018-04-12 05:31:00,0.2645,0.2458,0.1877,0.1462,0.1875,0.1367,0.2868,0.2696,0.3246,0.2785,318.7949,0,-0.0625,-0.0625,0,413.2219494
2018-04-12 05:32:00,0.2564,0.2469,0.195,0.1408,0.1886,0.1331,0.2786,0.2525,0.3293,0.2732,323.6129,0,0,-0.0625,0,409.9204604
2018-04-12 05:33:00,0.2588,0.2497,0.1852,0.1504,0.1799,0.1494,0.2846,0.2578,0.3246,0.2596,319.4113,0,0,-0.0625,0,407.5688188
2018-04-12 05:34:00,0.2571,0.2454,0.1899,0.1473,0.1816,0.1367,0.2748,0.2566,0.3282,0.2519,327.7643,0,0.0625,-0.0625,0,409.1153993
2018-04-12 05:35:00,0.258,0.2439,0.1911,0.1497,0.1948,0.1381,0.2819,0.2623,0.3347,0.2561,326.4617,0,0.0625,-0.0625,0,415.6183903
2018-04-12 05:36:00,0.2648,0.2495,0.1923,0.1516,0.1948,0.129,0.2868,0.2573,0.3256,0.2636,318.2447,0,0.125,0,0,401.7202848
2018-04-12 05:37:00,0.2668,0.2557,0.1901,0.1543,0.1972,0.1362,0.2973,0.251,0.3232,0.2615,325.4624,0,0.125,0.0625,0,413.0768781
2018-04-12 05:37:00,0.2633,0.2509,0.1879,0.1538,0.2025,0.1341,0.2923,0.247,0.3228,0.2658,325.3604,0,0.1875,0.0625,0,410.6048248
2018-04-12 05:38:00,0.2538,0.2376,0.1865,0.1512,0.2038,0.1371,0.3075,0.2592,0.3232,0.252,326.3073,0,0.1875,0.0625,0,417.3470367
2018-04-12 05:39:00,0.2642,0.2573,0.1888,0.1486,0.2,0.1352,0.284,0.28,0.3186,0.2678,319.0167,0,0.25,0.125,0,410.1278695
2018-04-12 05:40:00,0.2597,0.2623,0.197,0.1545,0.2032,0.1409,0.326,0.291,0.321,0.2548,323.8137,0,0.25,0.1875,0,431.8703317
2018-04-12 05:41:00,0.2554,0.2458,0.191,0.1465,0.1963,0.1441,0.3072,0.2926,0.3168,0.2774,331.5107,0,0.25,0.1875,0,443.5944677
2018-04-12 05:42:00,0.2658,0.2517,0.1867,0.1456,0.1901,0.1407,0.2832,0.3049,0.3222,0.2815,326.6552,0,0.3125,0.25,0,435.268054
2018-04-12 05:43:00,0.2605,0.2624,0.1868,0.144,0.1916,0.1426,0.3255,0.2948,0.3128,0.3148,332.0685,0,0.375,0.3125,0,461.7412493
2018-04-12 05:44:00,0.2604,0.2568,0.1746,0.1415,0.1858,0.1475,0.3691,0.3123,0.314,0.3179,333.2198,0,0.375,0.375,0,486.7674838
2018-04-12 05:45:00,0.2519,0.2592,0.1774,0.141,0.1857,0.1459,0.2888,0.3101,0.3068,0.3065,328.436,0,0.4375,0.5,0,446.0489316
2018-04-12 05:45:00,0.2642,0.2595,0.1746,0.1473,0.1806,0.1474,0.3835,0.3191,0.3092,0.2879,336.0329,0,0.5,0.5,0,486.2732096
2018-04-12 05:46:00,0.2571,0.2592,0.1724,0.1423,0.1841,0.1457,0.3505,0.408,0.3043,0.311,333.2203,0,0.5,0.625,0,506.3282459
2018-04-12 05:48:00,0.2587,0.2641,0.174,0.1461,0.1809,0.1458,0.3651,0.3767,0.3061,0.3984,335.1098,0,0.5625,0.75,0,533.5283126
2018-04-12 05:48:00,0.2573,0.2661,0.1683,0.1528,0.1605,0.156,0.2697,0.4547,0.3038,0.3993,328.6003,0,0.625,1,0,520.3385751
2018-04-12 05:49:00,0.2555,0.2744,0.1706,0.1512,0.1713,0.1431,0.3476,0.4519,0.3104,0.4262,332.4503,0,0.6875,1.1875,0,558.2505438
2018-04-12 05:50:00,0.2505,0.2752,0.1751,0.1484,0.1684,0.1382,0.3544,0.5254,0.3066,0.4519,337.3217,0,0.75,1.25,0,599.2520001
2018-04-12 05:51:00,0.2535,0.2637,0.1806,0.1491,0.1642,0.1388,0.2698,0.5551,0.3094,0.4014,334.8409,0,0.75,1.25,0,560.6910871
2018-04-12 05:52:00,0.2579,0.2656,0.1874,0.1488,0.1775,0.1523,0.455,0.7311,0.3261,0.6894,337.8641,0,0.875,1.4375,0,795.298305
2018-04-12 05:53:00,0.2468,0.2741,0.1815,0.1441,0.1693,0.1716,0.5125,0.732,0.3235,0.751,337.044,0,0.9375,1.625,0,839.4417864
2018-04-12 05:53:00,0.2592,0.261,0.1828,0.1426,0.1798,0.3576,0.7097,0.7639,0.372,0.8927,342.4558,0,1.0625,2.625,0,1060.208911
2018-04-12 05:54:00,0.2531,0.2427,0.1864,0.1466,0.1862,0.3398,0.7215,0.7772,0.296,0.8869,339.8062,0,1.125,3.4375,0,1026.690453
2018-04-12 05:55:00,0.2563,0.2491,0.1814,0.1431,0.192,0.5185,0.7346,0.8077,0.425,0.8951,337.8102,0,1.25,3.3125,0,1142.102505
2018-04-12 05:56:00,0.2466,0.2535,0.1575,0.1322,0.1636,0.3596,0.5737,0.7855,0.3001,0.841,339.1463,0,1.4375,3.25,0,969.9245034
2018-04-12 05:57:00,0.2463,0.2491,0.172,0.1426,0.1628,0.3274,0.7113,0.8029,0.3244,0.828,338.3699,0,1.5625,3.125,0,1013.079481
2018-04-12 05:58:00,0.2449,0.264,0.1756,0.1364,0.1718,0.452,0.729,0.7732,0.3151,0.8939,340.7312,0,1.75,3.1875,0,1077.800932
2018-04-12 05:59:00,0.2497,0.2468,0.1754,0.144,0.1907,0.5381,0.863,0.8294,0.3702,0.9496,342.3985,0,1.9375,3.0625,0,1215.617395
2018-04-12 06:00:00,0.2404,0.2283,0.1683,0.1223,0.168,0.5779,0.8577,0.7932,0.3416,0.9171,340.2081,0,2.125,2.9375,0,1186.475749
2018-04-12 06:00:00,0.2423,0.2431,0.1624,0.1244,0.1598,0.6879,0.9174,0.8773,0.6635,0.9774,342.2357,0,2.375,3.4375,0,1411.208909
2018-04-12 06:01:00,0.2442,0.2435,0.1698,0.1359,0.1576,0.6971,0.9183,0.8921,0.7091,0.9974,343.9178,0,2.625,3.9375,0,1449.269609
2018-04-12 06:02:00,0.2309,0.248,0.1667,0.1258,0.1689,0.6782,0.8888,0.9088,0.6027,0.9814,334.0792,0,2.9375,3.9375,0,1356.328144
2018-04-12 06:03:00,0.2331,0.2198,0.1632,0.1196,0.1636,0.6161,0.8686,0.8821,0.6152,0.9657,333.8048,0,3.25,3.8125,0,1317.761209
2018-04-12 06:04:00,0.2336,0.2367,0.1425,0.1262,0.1486,0.6825,0.878,0.846,0.5901,1.0408,339.7932,0,3.5625,3.9375,0,1371.881066
2018-04-12 06:05:00,0.2344,0.2505,0.1534,0.1284,0.1594,0.6465,0.9159,0.938,0.7466,1.0835,346.3319,0,3.875,4.125,0,1499.790293
2018-04-12 06:06:00,0.2355,0.2338,0.1611,0.1313,0.1676,0.6732,0.9137,0.9509,0.6827,1.0387,351.0551,0,4.25,4.4375,0,1495.213882
2018-04-12 06:07:00,0.2324,0.2246,0.1529,0.1168,0.1514,0.6377,0.869,0.9118,0.5567,0.9699,349.0442,0,4.5625,5.25,0,1377.014273
2018-04-12 06:08:00,0.227,0.2387,0.1441,0.121,0.1472,0.6694,0.9175,0.8438,0.5209,0.9797,346.8698,0,4.875,5.9375,0,1363.649245
2018-04-12 06:09:00,0.2376,0.2409,0.1551,0.1236,0.1542,0.6599,0.8961,0.8677,0.5913,0.9777,341.446,0,5.25,7,0,1363.291444
2018-04-12 06:09:00,0.2294,0.2117,0.157,0.1192,0.1662,0.6248,0.8836,0.8744,0.5839,0.9342,342.7617,0,5.5,6.875,0,1337.079116
2018-04-12 06:10:00,0.2219,0.2075,0.1414,0.1071,0.1385,0.6557,0.8778,0.897,0.4906,0.9893,339.4769,0,5.8125,6.875,0,1327.49047
2018-04-12 06:12:00,0.2242,0.2278,0.1402,0.1168,0.137,0.5607,0.8213,0.8224,0.4942,0.9279,340.9586,0,6.125,6.9375,0,1236.486363
2018-04-12 06:12:00,0.2216,0.2281,0.1407,0.1159,0.148,0.5635,0.8486,0.8343,0.3969,0.9061,337.7144,0,6.375,7.125,0,1198.683491
2018-04-12 06:13:00,0.2261,0.2172,0.143,0.1101,0.1519,0.4772,0.7772,0.7761,0.2723,0.8936,337.0115,0,6.5,7,0,1077.223559
2018-04-12 06:14:00,0.2151,0.2117,0.1421,0.1025,0.1431,0.5269,0.7021,0.7256,0.2518,0.8565,336.8071,0,6.5625,6.625,0,1031.606467
2018-04-12 06:15:00,0.2165,0.2193,0.1357,0.0943,0.1308,0.3807,0.7237,0.7276,0.2612,0.8603,338.5466,0,6.625,6.375,0,999.8973831
2018-04-12 06:16:00,0.2163,0.2165,0.1225,0.0929,0.1285,0.2342,0.7147,0.7323,0.2521,0.8379,338.1736,0,6.625,5.6875,0,937.1466803
2018-04-12 06:17:00,0.2046,0.2163,0.1254,0.0932,0.1302,0.2446,0.7245,0.7752,0.2561,0.8331,337.2347,0,6.625,5.1875,0,955.5545225
2018-04-12 06:17:00,0.2001,0.2157,0.1265,0.0976,0.1281,0.4881,0.6273,0.7501,0.2886,0.8732,337.8217,0,6.625,4.75,0,1022.687632
2018-04-12 06:19:00,0.2072,0.2163,0.1301,0.0985,0.1328,0.6082,0.8253,0.8399,0.5539,0.9754,339.189,0,6.625,4.75,0,1289.83401
2018-04-12 06:19:00,0.2011,0.2191,0.1295,0.0991,0.1268,0.6163,0.7938,0.8411,0.4162,0.9177,339.5073,0,6.6875,4.9375,0,1217.167621
2018-04-12 06:21:00,0.2081,0.2159,0.1288,0.0963,0.1286,0.5739,0.8367,0.825,0.4476,0.9295,338.7285,0,6.8125,5.5,0,1223.724452
2018-04-12 06:23:00,0.2059,0.1976,0.1279,0.099,0.1235,0.5896,0.8313,0.7952,0.504,0.9544,337.4315,0,7.0625,6,0,1239.892047
2018-04-12 06:26:00,0.2022,0.1998,0.1198,0.0989,0.1309,0.6307,0.855,0.8721,0.6829,0.9513,337.0366,0,7.3125,5.25,0,1345.450107
2018-04-12 06:27:00,0.1991,0.1971,0.121,0.0884,0.1256,0.7453,0.901,0.9508,0.7446,1.028,341.0629,0,7.75,6.375,0,1490.342554
2018-04-12 06:27:00,0.215,0.1987,0.1338,0.093,0.1255,0.7721,0.9555,0.9979,0.7231,1.0943,342.7214,0,7.9375,6.8125,0,1556.949048
2018-04-12 06:28:00,0.2011,0.2155,0.128,0.1043,0.1261,0.866,1.0601,1.1281,0.8987,1.2168,343.3287,0,8.1875,7.3125,0,1774.90638
2018-04-12 06:29:00,0.2137,0.22,0.1382,0.1033,0.133,0.8597,1.1246,1.1938,0.8867,1.302,341.3443,0,8.5,7.625,0,1831.926589
2018-04-12 06:30:00,0.2226,0.2207,0.139,0.1,0.1398,0.8662,1.0807,1.1511,0.9274,1.2967,341.5034,0,8.8125,8.0625,0,1817.515245
2018-04-12 06:31:00,0.2171,0.216,0.1458,0.1024,0.1366,0.8428,1.0247,1.0982,0.8848,1.2424,339.6148,0,9.1875,7.4375,0,1729.624215
2018-04-12 06:32:00,0.2176,0.2055,0.1316,0.0949,0.1243,0.8833,1.0673,1.0785,0.8735,1.244,339.962,0,9.5,7.375,0,1749.648429
2018-04-12 06:32:00,0.2111,0.2188,0.1345,0.1013,0.1339,0.9099,1.1542,1.2725,0.8727,1.4088,340.5084,0,9.875,7.75,0,1913.010242
2018-04-12 06:33:00,0.1989,0.2114,0.1314,0.0934,0.1219,0.8859,1.0844,1.1879,0.8958,1.3628,338.9431,0,10.3125,8,0,1835.986984
2018-04-12 06:34:00,0.1954,0.1881,0.1184,0.0801,0.1192,0.8891,1.0691,1.0937,0.8671,1.302,339.5711,0,10.6875,7.8125,0,1772.900713
2018-04-12 06:35:00,0.1995,0.1828,0.1132,0.0849,0.1087,0.8355,1.118,1.1314,0.8366,1.3056,339.7405,0,11,8.625,0,1775.857568
2018-04-12 06:36:00,0.1994,0.194,0.1218,0.0859,0.1126,0.8943,1.1398,1.181,0.8212,1.3302,340.1464,0,11.375,9.3125,0,1825.395656
2018-04-12 06:37:00,0.1967,0.2018,0.1171,0.0831,0.1177,0.9568,1.1791,1.219,0.9553,1.3732,339.0483,0,11.75,9.6875,0,1926.947108
2018-04-12 06:38:00,0.1964,0.193,0.1248,0.0884,0.1243,0.9774,1.2015,1.273,0.9252,1.4071,339.3291,0,12.1875,9.9375,0,1962.74738
2018-04-12 06:39:00,0.2004,0.1948,0.121,0.087,0.1161,0.9939,1.2953,1.2597,1.0157,1.4548,337.0522,0,12.5625,9.625,0,2028.852013
2018-04-12 06:40:00,0.2094,0.1945,0.1217,0.0926,0.1219,0.9689,1.2344,1.3054,0.9037,1.423,336.5524,0,12.9375,9.125,0,1963.917875
2018-04-12 06:41:00,0.2097,0.2039,0.1313,0.0889,0.1304,1.0475,1.2527,1.3489,1.0383,1.4679,336.221,0,13.375,7.8125,0,2069.541121
2018-04-12 06:41:00,0.2053,0.1958,0.1164,0.0884,0.1278,1.1308,1.356,1.4452,1.08,1.4951,336.014,0,13.75,8.25,0,2186.476699
2018-04-12 06:42:00,0.2009,0.1875,0.1047,0.0765,0.1117,1.1291,1.2882,1.4292,1.0606,1.5016,337.8135,0,14.1875,8.875,0,2164.945377
2018-04-12 06:43:00,0.1903,0.1796,0.1046,0.0774,0.0928,1.1401,1.2977,1.3927,1.0739,1.4838,335.4638,0,14.5625,8.875,0,2143.009847
2018-04-12 06:44:00,0.186,0.1779,0.1058,0.0738,0.096,1.1511,1.3269,1.4126,1.0903,1.5396,333.7525,0,14.9375,8.75,0,2176.233176
2018-04-12 06:45:00,0.1794,0.1747,0.1063,0.0665,0.1037,1.1908,1.3781,1.456,1.1617,1.5364,335.1198,0,15.3125,8.5625,0,2253.010415
2018-04-12 06:46:00,0.1803,0.1702,0.0921,0.0646,0.1028,1.2107,1.3847,1.4747,1.1673,1.5599,335.8947,0,15.6875,8.125,0,2283.177044
2018-04-12 06:47:00,0.163,0.1485,0.0778,0.0462,0.0717,1.2947,1.4342,1.4951,1.2693,1.5467,333.5849,0,16.0625,9.6875,0,2348.437696
2018-04-12 06:48:00,0.1292,0.1222,0.056,0.0287,0.0549,1.302,1.4389,1.501,1.3379,1.5747,332.7961,0,16.4375,11.5,0,2380.989697
2018-04-12 06:49:00,0.1257,0.1188,0.0475,0.0165,0.0464,1.3452,1.4318,1.5358,1.3279,1.6014,332.473,0,16.75,12.125,0,2407.802713
2018-04-12 06:49:00,0.1318,0.136,0.0506,0.0273,0.0491,1.4095,1.4923,1.6107,1.4081,1.6405,330.5719,0,17.125,12.625,0,2499.487193
2018-04-12 06:50:00,0.1158,0.1071,0.038,0.0132,0.0292,1.3442,1.5513,1.5719,1.3587,1.612,330.964,0,17.4375,13.6875,0,2461.743328
2018-04-12 06:51:00,0.0982,0.0845,0.0271,0.0052,0.026,1.389,1.5493,1.5067,1.3749,1.6319,329.6994,0,17.8125,14.375,0,2456.853989
2018-04-12 06:52:00,0.1027,0.0885,0.0293,0.0091,0.0263,1.4046,1.5856,1.591,1.441,1.6825,330.8179,0,18.125,12.375,0,2548.852674
2018-04-12 06:53:00,0.1055,0.0883,0.021,0.0043,0.0185,1.3558,1.4874,1.5793,1.4354,1.6324,329.7554,0,18.4375,10.9375,0,2469.966873
2018-04-12 06:54:00,0.0901,0.0878,0.0246,0.0009,0.012,1.36,1.5267,1.5874,1.466,1.6981,328.9391,0,18.75,10.4375,0,2512.502634
2018-04-12 06:55:00,0.0798,0.0781,0.0113,0,0.0068,1.3554,1.4741,1.5769,1.4477,1.6973,329.5908,0,19,10.25,0,2488.871967
2018-04-12 06:56:00,0.0625,0.0617,0.0023,0,0.0009,1.2543,1.4505,1.5432,1.3576,1.5975,328.2346,0,19.25,9.25,0,2364.306647
2018-04-12 06:56:00,0.0699,0.0591,0.0045,0.0001,0.0018,1.2769,1.494,1.5423,1.3925,1.6266,326.7286,0,19.4375,10.8125,0,2395.672114
2018-04-12 06:57:00,0.0901,0.0798,0.0116,0.0002,0.0096,1.3314,1.4962,1.5796,1.4237,1.6244,327.7467,0,19.625,12.125,0,2443.449973
2018-04-12 06:58:00,0.0874,0.0723,0.0114,0.0001,0.0091,1.2654,1.4464,1.5169,1.3134,1.5857,327.2,0,19.6875,10.625,0,2332.21616
2018-04-12 06:59:00,0.0773,0.0663,0.008,0.0004,0.0099,1.1876,1.3531,1.4315,1.2213,1.4807,326.5094,0,19.75,9.25,0,2179.189037
2018-04-12 07:00:00,0.0755,0.0607,0.0067,0.0001,0.0074,1.1362,1.2594,1.3494,1.0978,1.393,327.2731,0,19.75,8.25,0,2040.809597
2018-04-12 07:01:00,0.0761,0.0632,0.0053,0.0001,0.0061,1.1098,1.2628,1.3045,1.0143,1.3817,326.9725,0,19.6875,8.75,0,1985.73669
2018-04-12 07:02:00,0.0745,0.0589,0.0031,0.0001,0.0053,1.131,1.2197,1.2762,0.9797,1.3902,327.2022,0,19.625,8.25,0,1962.166153
2018-04-12 07:03:00,0.0723,0.0596,0.0041,0.0012,0.0033,1.1338,1.2217,1.3099,0.9854,1.3905,327.1834,0,19.5,8.4375,0,1976.613074
2018-04-12 07:04:00,0.0679,0.0549,0.0029,0.0004,0.0039,1.1134,1.2429,1.3056,1.0371,1.3849,326.2832,0,19.4375,8.6875,0,1985.07436
2018-04-12 07:05:00,0.064,0.0516,0.0023,0,0.0026,1.1496,1.294,1.2892,1.1004,1.3933,326.7593,0,19.3125,8.75,0,2034.566781
2018-04-12 07:05:00,0.0609,0.0485,0.0013,0.0001,0.0011,1.1196,1.2652,1.3071,1.0413,1.3721,326.3852,0,19.25,8.5625,0,1992.679562
2018-04-12 07:06:00,0.0545,0.0475,0.0013,0,0.0009,1.085,1.2413,1.2876,1.0124,1.3826,326.9036,0,19.125,8,0,1964.331042
2018-04-12 07:07:00,0.0576,0.0507,0.0008,0,0.0013,1.0314,1.2363,1.2483,0.9707,1.3964,325.9476,0,19.0625,8.75,0,1917.582326
2018-04-12 07:08:00,0.0595,0.0493,0.0004,0.0002,0.0003,1.0688,1.3193,1.2808,1.0746,1.3965,327.5215,0,19,9.5,0,2010.98201
2018-04-12 07:09:00,0.0596,0.0469,0.0014,0.0001,0.0001,1.1297,1.3409,1.359,1.1632,1.4617,325.7334,0,18.9375,9.375,0,2102.44623
2018-04-12 07:10:00,0.0562,0.0457,0.0007,0,0.0004,1.1808,1.401,1.4158,1.2159,1.5223,323.8279,0,18.875,8.875,0,2181.239969
2018-04-12 07:11:00,0.0568,0.0452,0.001,0,0.0008,1.1297,1.3537,1.3793,1.1945,1.4298,325.27,0,18.75,7.6875,0,2110.02649
2018-04-12 07:12:00,0.0537,0.0427,0.0001,0,0.0002,1.0152,1.2849,1.3101,1.0159,1.3936,326.5071,0,18.6875,7.75,0,1965.47479
2018-04-12 07:13:00,0.0533,0.0427,0.0001,0,0,1.1058,1.2966,1.4042,1.1137,1.455,325.3127,0,18.625,7.125,0,2073.966056
2018-04-12 07:14:00,0.0513,0.047,0.0006,0,0.0001,1.0868,1.3345,1.3732,1.1157,1.4597,325.0607,0,18.5625,6.6875,0,2070.604153
2018-04-12 07:14:00,0.0528,0.0527,0.0004,0,0.0003,0.9806,1.2371,1.3179,0.9851,1.361,326.6721,0,18.5,7.8125,0,1921.387291
2018-04-12 07:15:00,0.0551,0.0542,0.0009,0,0.0002,0.9014,1.2097,1.2566,0.9517,1.3444,326.4178,0,18.375,8.125,0,1848.765136
2018-04-12 07:16:00,0.057,0.0538,0.0006,0.0002,0.0002,0.8775,1.2201,1.2918,0.9344,1.3219,324.8425,0,18.25,8.4375,0,1833.963302
2018-04-12 07:17:00,0.0593,0.0532,0.0006,0,0.0005,0.8718,1.1914,1.2658,0.962,1.3122,326.7394,0,18.0625,7.8125,0,1830.786206
2018-04-12 07:18:00,0.0575,0.0578,0.0008,0,0.0003,0.9867,1.2646,1.2735,1.0369,1.317,326.0707,0,17.9375,7,0,1916.871824
2018-04-12 07:19:00,0.0635,0.0541,0.0009,0,0.0002,0.8859,1.2304,1.1942,0.9156,1.2959,326.8516,0,17.8125,7.0625,0,1804.874535
2018-04-12 07:20:00,0.0598,0.0522,0.0011,0,0.0002,0.873,1.1487,1.1619,0.884,1.2843,326.6837,0,17.625,7.25,0,1748.378494
2018-04-12 07:20:00,0.0593,0.0488,0.0013,0,0,0.8667,1.1598,1.1612,0.9053,1.3286,324.6707,0,17.4375,7,0,1760.234667
2018-04-12 07:21:00,0.0629,0.0486,0.0021,0.0002,0.0001,0.9323,1.2036,1.2325,0.9562,1.3188,327.1939,0,17.3125,7,0,1846.486055
2018-04-12 07:22:00,0.0625,0.051,0.0018,0,0.0007,0.9526,1.1818,1.1943,0.9268,1.3017,326.0203,0,17.1875,6.625,0,1811.760011
2018-04-12 07:23:00,0.0657,0.0522,0.0018,0,0.0008,0.9856,1.1488,1.199,0.9354,1.3102,325.015,0,17.0625,6.25,0,1813.258685
2018-04-12 07:24:00,0.0672,0.0547,0.0023,0,0.0021,1.0203,1.1623,1.214,0.9332,1.3069,327.947,0,16.875,6.25,0,1848.538855
2018-04-12 07:25:00,0.0626,0.0538,0.0043,0.0002,0.0031,0.9815,1.206,1.2254,0.9818,1.3101,326.8716,0,16.8125,6.6875,0,1864.737104
2018-04-12 07:26:00,0.0671,0.0594,0.0058,0.0001,0.0039,0.8277,1.0503,1.0817,0.7515,1.2149,325.5961,0,16.75,7.625,0,1603.918948
2018-04-12 07:27:00,0.0793,0.061,0.0054,0.0002,0.0036,0.6131,0.9226,0.9122,0.6136,1.1074,325.921,0,16.625,6.9375,0,1358.732057
2018-04-12 07:28:00,0.0723,0.0648,0.0039,0.0003,0.0041,0.6011,0.8791,0.9471,0.5136,1.0784,326.8714,0,16.4375,6.4375,0,1313.794218
2018-04-12 07:28:00,0.0746,0.0677,0.003,0,0.0027,0.5338,0.8326,0.8319,0.2554,0.9678,326.93,0,16.25,5.6875,0,1118.590995
2018-04-12 07:29:00,0.073,0.071,0.0058,0.0001,0.0029,0.4952,0.8291,0.8005,0.159,0.9001,328.933,0,16,5.3125,0,1047.289779
2018-04-12 07:30:00,0.0775,0.0736,0.0058,0.0001,0.0044,0.4917,0.8204,0.7902,0.2106,0.8733,326.7404,0,15.8125,5.375,0,1041.060262
2018-04-12 07:31:00,0.083,0.0781,0.0077,0.0001,0.0029,0.4988,0.7686,0.735,0.1883,0.8664,328.0443,0,15.5625,5.3125,0,1002.86423
2018-04-12 07:32:00,0.0873,0.0786,0.0105,0.0004,0.0063,0.4811,0.739,0.7153,0.2026,0.8829,326.8357,0,15.25,5.8125,0,987.3379661
2018-04-12 07:33:00,0.0913,0.0781,0.015,0.0007,0.0113,0.5519,0.7247,0.686,0.158,0.8707,328.7864,0,15,5.75,0,983.4987583
2018-04-12 07:34:00,0.0858,0.0758,0.0169,0.0013,0.0128,0.566,0.7169,0.6888,0.1468,0.8585,327.6664,0,14.6875,5.375,0,975.4628728
2018-04-12 07:35:00,0.0966,0.0806,0.0172,0.0035,0.016,0.5465,0.7089,0.7586,0.1411,0.9012,329.6029,0,14.4375,4.75,0,1007.365343
2018-04-12 07:36:00,0.0998,0.0902,0.019,0.0035,0.0109,0.5275,0.7199,0.6946,0.1471,0.8992,332.0772,0,14.125,4.875,0,992.3462968
2018-04-12 07:36:00,0.0947,0.1002,0.0192,0.0023,0.0151,0.5148,0.7332,0.7503,0.1492,0.8815,329.0975,0,13.875,4.75,0,996.8363275
2018-04-12 07:37:00,0.0985,0.0978,0.0208,0.0032,0.015,0.5103,0.7517,0.7653,0.1557,0.8617,330.0836,0,13.562,4.375,0,1005.005537
2018-04-12 07:38:00,0.1027,0.0961,0.0192,0.0022,0.0142,0.4939,0.724,0.7771,0.1577,0.884,330.4816,0,13.3125,4.25,0,1003.573475
2018-04-12 07:39:00,0.108,0.0907,0.0276,0.0049,0.019,0.4753,0.7559,0.734,0.1488,0.8765,330.9439,0,13.0625,4,0,989.687733
2018-04-12 07:40:00,0.1109,0.0954,0.0271,0.0099,0.0297,0.4805,0.6907,0.7493,0.1472,0.8549,329.8022,0,12.75,4.1875,0,963.8799097
2018-04-12 07:41:00,0.1166,0.0998,0.0418,0.0157,0.0354,0.514,0.7269,0.7277,0.151,0.9025,332.1162,0,12.5625,4.0625,0,1003.688368
2018-04-12 07:42:00,0.1273,0.1079,0.0358,0.0183,0.0355,0.4733,0.7397,0.7346,0.1548,0.9542,332.7911,0,12.3125,4.4375,0,1017.209276
2018-04-12 07:43:00,0.1297,0.1176,0.0361,0.0162,0.0333,0.516,0.7569,0.7475,0.1661,0.9399,332.1161,0,12.125,4.75,0,1038.327775
2018-04-12 07:44:00,0.1191,0.1271,0.043,0.0178,0.0354,0.5223,0.7846,0.792,0.196,0.8855,330.8193,0,11.9375,4.4375,0,1052.137702
2018-04-12 07:44:00,0.1217,0.1276,0.0444,0.0191,0.0386,0.5467,0.813,0.8141,0.2023,0.9057,330.1849,0,11.75,4.1875,0,1083.600805
2018-04-12 07:45:00,0.1261,0.1198,0.038,0.0158,0.0352,0.5366,0.8172,0.7976,0.1854,0.9455,330.9088,0,11.5625,4,0,1086.141954
2018-04-12 07:46:00,0.1201,0.1169,0.0354,0.0155,0.0312,0.5664,0.7507,0.7418,0.1663,0.9589,333.5845,0,11.375,4.1875,0,1062.166406
2018-04-12 07:47:00,0.1215,0.1099,0.0361,0.0191,0.0321,0.5816,0.7819,0.7877,0.1522,0.9542,331.4505,0,11.25,4.4375,0,1079.733149
2018-04-12 07:48:00,0.1203,0.1073,0.0356,0.0183,0.0419,0.6169,0.8211,0.8134,0.2125,0.9483,332.2234,0,11.125,4.5625,0,1133.612685
2018-04-12 07:49:00,0.1166,0.1022,0.0452,0.0189,0.0399,0.6245,0.8579,0.822,0.2931,0.9335,331.9964,0,11.0625,4.6875,0,1172.279288
2018-04-12 07:50:00,0.1166,0.1042,0.0406,0.0203,0.0395,0.6324,0.8692,0.8374,0.2221,0.9528,333.9184,0,10.9375,4.4375,0,1173.355866
2018-04-12 07:51:00,0.12,0.1034,0.042,0.0194,0.0383,0.6242,0.8442,0.8335,0.2673,1.0233,334.1299,0,10.875,4.375,0,1200.361666
2018-04-12 07:52:00,0.1252,0.1081,0.0422,0.019,0.038,0.613,0.8576,0.8701,0.3805,1.0536,332.8796,0,10.8125,4.5625,0,1256.553914
2018-04-12 07:52:00,0.1239,0.1129,0.0402,0.0193,0.0374,0.6435,0.9566,0.9274,0.6154,1.0542,332.2365,0,10.8125,4.5625,0,1394.429814
2018-04-12 07:53:00,0.1214,0.1146,0.04,0.0187,0.037,0.6959,1.0434,1.0315,0.6661,1.1411,334.3901,0,10.75,4.5625,0,1530.837878
2018-04-12 07:54:00,0.1278,0.1243,0.0396,0.019,0.0344,0.7814,1.1109,1.1064,0.7744,1.2594,331.6599,0,10.6875,4.9375,0,1669.078447
2018-04-12 07:55:00,0.1239,0.124,0.0377,0.0188,0.0365,0.7934,1.1523,1.1854,0.8335,1.3097,333.6721,0,10.6875,4.9375,0,1759.886757
2018-04-12 07:56:00,0.1236,0.1294,0.0437,0.0199,0.0373,0.9922,1.2506,1.3114,1.0285,1.3955,333.8434,0,10.75,5.0625,0,1995.782614
2018-04-12 07:57:00,0.1243,0.1286,0.0416,0.0196,0.0346,1.1908,1.4295,1.4617,1.2411,1.5205,334.0841,0,10.8125,5.3125,0,2286.337947
2018-04-12 07:58:00,0.1291,0.1287,0.0439,0.0211,0.0381,1.4044,1.6206,1.6292,1.4824,1.719,331.733,0,10.9375,5.3125,0,2605.961755
2018-04-12 07:59:00,0.1244,0.128,0.0432,0.0204,0.0408,1.4846,1.7011,1.7561,1.6746,1.7998,331.9013,0,11.1875,6.0625,0,2793.347721
2018-04-12 08:00:00,0.1291,0.1211,0.0434,0.0222,0.0444,1.5281,1.7966,1.8248,1.7088,1.9233,330.3824,0,11.5,6.3125,0,2901.286084
2018-04-12 08:00:00,0.1281,0.114,0.0447,0.024,0.0471,1.5173,1.7651,1.7929,1.7421,1.9046,329.9831,0,11.875,6.5,0,2878.112598
2018-04-12 08:01:00,0.1334,0.1113,0.0465,0.0223,0.0461,1.6308,1.7479,1.8877,1.8081,1.9666,330.5755,0,12.3125,6.375,0,2988.766153
2018-04-12 08:02:00,0.1309,0.1138,0.0448,0.021,0.0436,1.5805,1.8296,1.9219,1.8763,1.999,329.4794,0,12.6875,6.5,0,3033.61568
2018-04-12 08:03:00,0.1238,0.1211,0.0386,0.0144,0.0334,1.5744,1.8271,1.86,1.8167,1.9964,329.3428,0,13.0625,6.9375,0,2988.654173
2018-04-12 08:04:00,0.1175,0.1227,0.0391,0.0147,0.0357,1.5538,1.8553,1.9289,1.8443,2.0345,328.5226,0,13.5,7.3125,0,3027.9271
2018-04-12 08:05:00,0.1177,0.1135,0.0341,0.0131,0.0292,1.5302,1.8244,1.9099,1.83,1.9903,326.6121,0,13.875,6.8125,0,2967.205606
2018-04-12 08:06:00,0.1158,0.1052,0.0337,0.0163,0.03,1.5459,1.8231,1.8621,1.8268,2.0182,326.8289,0,14.1875,6.75,0,2966.331779
2018-04-12 08:07:00,0.1116,0.0937,0.0336,0.0147,0.033,1.4218,1.5931,1.5879,1.4415,1.7014,328.6115,0,14.5,7.25,0,2545.326096
2018-04-12 08:08:00,0.1086,0.0931,0.0258,0.0097,0.0285,1.3754,1.5086,1.5156,1.3892,1.6411,327.0982,0,14.75,6.8125,0,2430.306916
2018-04-12 08:09:00,0.1074,0.0967,0.0281,0.013,0.0289,1.3903,1.571,1.5698,1.444,1.657,326.9724,0,14.875,6.5625,0,2495.486054
2018-04-12 08:09:00,0.1071,0.095,0.0278,0.0095,0.0258,1.3833,1.6052,1.6575,1.5303,1.7033,329.5655,0,15,7.4375,0,2596.844314
2018-04-12 08:10:00,0.1113,0.1009,0.0254,0.0087,0.0212,1.4655,1.7064,1.7018,1.6392,1.7854,327.4005,0,15.125,7.9375,0,2716.867569
2018-04-12 08:11:00,0.1095,0.1045,0.0222,0.0065,0.02,1.5047,1.7569,1.8277,1.7676,1.9256,327.3036,0,15.25,8.25,0,2874.543867
2018-04-12 08:12:00,0.1089,0.1073,0.0294,0.0077,0.0229,1.6196,1.8993,1.9397,1.8937,2.0634,326.4626,0,15.4375,7.6875,0,3073.873903
2018-04-12 08:13:00,0.1032,0.1083,0.0249,0.0069,0.0253,1.7404,1.9937,2.0734,1.9954,2.1601,326.4127,0,15.625,8.5,0,3252.04973
2018-04-12 08:14:00,0.1007,0.1003,0.0221,0.0036,0.017,1.853,2.0717,2.0862,2.0699,2.1949,324.7911,0,15.875,8.6875,0,3337.455906
2018-04-12 08:15:00,0.1014,0.0895,0.0241,0.0064,0.0198,1.9359,2.1441,2.1571,2.1098,2.2757,325.2383,0,16.1875,9.125,0,3454.876366
2018-04-12 08:16:00,0.1004,0.0807,0.0199,0.0038,0.0222,2.1196,2.1916,2.2975,2.2195,2.3777,324.6524,0,16.5625,9,0,3638.022329
2018-04-12 08:17:00,0.0961,0.0815,0.0213,0.0038,0.019,2.1847,2.3486,2.3509,2.3266,2.443,323.0195,0,16.9375,8.6875,0,3764.404649
2018-04-12 08:18:00,0.095,0.084,0.0161,0.0019,0.015,2.1851,2.3526,2.4033,2.2927,2.4491,322.8944,0,17.375,8.6875,0,3772.310696
2018-04-12 08:18:00,0.0871,0.0843,0.0099,0.0008,0.0074,2.1782,2.3388,2.3765,2.3581,2.4058,323.496,0,17.8125,8.4375,0,3771.12227
2018-04-12 08:20:00,0.0879,0.079,0.008,0.0003,0.006,2.1815,2.3908,2.4073,2.4401,2.4916,320.7907,0,18.1875,8.75,0,3821.034265
2018-04-12 08:20:00,0.0802,0.073,0.0053,0,0.0041,2.1876,2.3917,2.4364,2.326,2.4357,320.5663,0,18.5625,8.9375,0,3775.437542
2018-04-12 08:21:00,0.0848,0.0709,0.0079,0.0003,0.0074,2.1912,2.3846,2.3373,2.336,2.4309,322.4471,0,18.9375,8.875,0,3766.182128
2018-04-12 08:22:00,0.0813,0.0648,0.005,0.0001,0.0058,2.2817,2.3866,2.4661,2.4248,2.5117,320.6041,0,19.25,8.5,0,3869.980031
2018-04-12 08:23:00,0.0802,0.0623,0.0048,0.0001,0.0033,2.3235,2.5004,2.5231,2.5335,2.5775,321.6684,0,19.5,8.5625,0,4007.344927
2018-04-12 08:24:00,0.0727,0.0604,0.006,0.0001,0.0014,2.3434,2.5435,2.642,2.6165,2.691,319.7818,0,19.75,9.375,0,4104.847098
2018-04-12 08:24:00,0.0764,0.063,0.0038,0,0.0038,2.3486,2.5699,2.6879,2.6454,2.7107,318.4762,0,20,9.375,0,4128.247743
2018-04-12 08:25:00,0.0643,0.0649,0.0018,0,0.0015,2.4258,2.6083,2.7122,2.7542,2.7933,318.0703,0,20.3125,9.5,0,4228.362954
2018-04-12 08:26:00,0.0703,0.0717,0.0048,0.0002,0.0028,2.5207,2.7451,2.7997,2.8113,2.8493,316.0005,0,20.5625,10,0,4337.454463
2018-04-12 08:27:00,0.0619,0.0563,0.0004,0,0.0007,2.5364,2.7582,2.8671,2.8707,2.9192,317.7424,0,20.875,11.4375,0,4433.014868
2018-04-12 08:28:00,0.0599,0.0545,0.0003,0,0.0004,2.7002,2.9185,2.9783,2.9332,2.9861,315.8282,0,21.25,10.1875,0,4584.6569
2018-04-12 08:29:00,0.0563,0.0534,0.0019,0,0.0008,2.8682,3.0276,3.0193,3.0103,3.1681,314.7871,0,21.5625,9.9375,0,4751.239094
2018-04-12 08:30:00,0.0596,0.0474,0.0012,0,0.0008,3.0335,3.0695,3.209,3.075,3.2145,315.0217,0,21.875,9.75,0,4914.811053
2018-04-12 08:31:00,0.0667,0.0501,0.0019,0,0.0007,2.7526,2.8735,2.9616,2.8448,2.9618,317.5824,0,22.18,10.125,0,4571.37634
2018-04-12 08:32:00,0.0622,0.0457,0.0009,0.0002,0.0003,1.9303,2.1544,2.1913,2.1782,2.2722,316.3085,0,22.375,10.25,0,3392.851494
2018-04-12 08:33:00,0.0578,0.0441,0.0001,0,0.0005,1.6732,1.9378,1.9425,1.8569,2.0736,323.254,0,22.4375,9.1875,0,3065.740936
2018-04-12 08:33:00,0.0424,0.0265,0.0096,0,0,1.6039,1.8279,1.896,1.8324,2.0143,327.7175,0,22.375,8.625,0,3006.644204
2018-04-12 08:34:00,0.0252,0.0154,0,0.0001,0.0002,1.2552,1.4767,1.5094,1.3541,1.5957,317.6318,0,22.25,8.375,0,2284.122037
2018-04-12 08:35:00,0.0266,0.0178,0,0,0,1.4294,1.7332,1.776,1.6774,1.8393,320.4254,0,21.9375,7.625,0,2709.292885
2018-04-12 08:36:00,0.0294,0.0189,0,0,0,2.3264,2.5658,2.5414,2.5176,2.6227,317.915,0,21.75,7.9375,0,3997.431419
2018-04-12 08:37:00,0.0289,0.0216,0.0001,0,0,2.0566,2.2043,2.2387,2.2678,2.3232,326.765,0,21.5625,8.5625,0,3624.019909
2018-04-12 08:38:00,0.0383,0.0263,0.0006,0,0,2.7799,3.0026,3.0675,2.9813,3.1048,315.1068,0,21.5625,8.75,0,4706.466675
2018-04-12 08:39:00,0.0411,0.0274,0.0006,0.0008,0,2.4635,2.6939,2.7333,2.7095,2.811,312.8976,0,21.5625,8.75,0,4196.332293
2018-04-12 08:40:00,0.0349,0.0243,0.0043,0,0,2.3921,2.5923,2.625,2.5906,2.7077,323.2159,0,21.6875,9.1875,0,4171.973872
2018-04-12 08:40:00,0.0342,0.0225,0.0013,0.0002,0,2.4895,2.6248,2.7368,2.626,2.8172,325.9823,0,21.75,8.9375,0,4333.706491
2018-04-12 08:41:00,0.0334,0.0234,0,0,0.0003,3.0677,3.252,3.2903,3.213,3.3319,313.3679,0,22,10.4375,0,5062.427088
2018-04-12 08:42:00,0.0331,0.0204,0.0001,0,0,2.806,3.0363,3.0964,3.0091,3.113,311.8767,0,22.25,10.4375,0,4697.112603
2018-04-12 08:43:00,0.0323,0.0233,0.0004,0,0,1.28,1.5881,1.5831,1.4641,1.6867,303.1712,0,22.4375,9.8125,0,2304.707462
2018-04-12 08:44:00,0.0345,0.0232,0.0001,0,0,2.2798,2.4512,2.5294,2.4284,2.615,315.1463,0,22.375,9.1875,0,3877.497046
2018-04-12 08:45:00,0.035,0.0261,0.0001,0.0002,0.0001,2.4781,2.7496,2.797,2.7,2.8475,313.1576,0,22.5625,10.125,0,4250.237579
2018-04-12 08:46:00,0.0321,0.0214,0,0,0,1.2235,1.5733,1.575,1.4132,1.6841,312.0681,0,22.5625,9,0,2330.867846
2018-04-12 08:47:00,0.0283,0.0187,0.0001,0,0.0004,1.9383,2.1199,2.1858,2.1267,2.266,318.3091,0,22.4375,9.1875,0,3385.758404
2018-04-12 08:48:00,0.031,0.0214,0.0002,0,0,1.9973,2.2283,2.2704,2.2439,2.3688,317.7589,0,22.375,10.6875,0,3529.888292
2018-04-12 08:48:00,0.0339,0.0218,0,0,0.0001,2.035,2.2479,2.2669,2.3125,2.3718,317.4008,0,22.3125,9.8125,0,3565.712327
2018-04-12 08:49:00,0.0383,0.0243,0,0,0.0001,2.0092,2.2439,2.3194,2.2156,2.3457,318.5956,0,22.3125,9.5,0,3547.179691
2018-04-12 08:50:00,0.0331,0.0224,0.0025,0,0,1.4913,1.7391,1.7894,1.789,1.9118,317.2637,0,22.1875,9.0625,0,2766.729822
2018-04-12 08:51:00,0.0323,0.0233,0,0,0,1.489,1.764,1.8105,1.8005,1.9418,320.9141,0,22.0625,9.375,0,2825.905382
2018-04-12 08:52:00,0.0288,0.0199,0.0074,0,0.0004,2.1299,2.3136,2.3595,2.3775,2.5007,319.5985,0,21.9375,10.3125,0,3733.293998
2018-04-12 08:53:00,0.0277,0.0171,0.0003,0.0001,0.0004,2.4362,2.6377,2.6987,2.7593,2.7667,315.8637,0,21.9375,10.125,0,4200.545001
2018-04-12 08:54:00,0.0281,0.0163,0,0.0001,0,2.5654,2.7392,2.7675,2.7683,2.8434,316.6633,0,22,10.125,0,4333.157265
2018-04-12 08:55:00,0.0285,0.0169,0.0005,0.0001,0.0003,2.6191,2.7889,2.8608,2.8456,2.8975,314.8466,0,22.125,9.8125,0,4411.599075
2018-04-12 08:56:00,0.0294,0.0153,0.0003,0,0,2.6054,2.8466,2.8536,2.8516,2.955,315.4501,0,22.375,9.3125,0,4451.694901
2018-04-12 08:56:00,0.028,0.0157,0,0,0,2.5926,2.8189,2.8633,2.8318,2.9705,314.4019,0,22.5625,9.6875,0,4425.866986
2018-04-12 08:57:00,0.024,0.0114,0.0012,0,0,2.5371,2.7787,2.7845,2.8307,2.9222,313.8849,0,22.8125,9.875,0,4348.310297
2018-04-12 08:58:00,0.0252,0.0125,0,0,0,2.5454,2.7585,2.8114,2.7981,2.8944,312.8698,0,23,9.8125,0,4320.043624
2018-04-12 08:59:00,0.0244,0.0104,0,0,0.0003,2.4459,2.7449,2.7753,2.7557,2.8603,314.0583,0,23.1875,10.9375,0,4265.571236
2018-04-12 09:00:00,0.0255,0.0152,0.0001,0.0001,0,2.4737,2.7444,2.7699,2.7336,2.8418,314.7467,0,23.4375,10.3125,0,4269.035391
2018-04-12 09:01:00,0.0292,0.0151,0.0006,0,0,2.4915,2.768,2.826,2.743,2.842,313.9602,0,23.625,10.875,0,4291.992914
2018-04-12 09:02:00,0.0291,0.0175,0,0,0,2.4823,2.775,2.8169,2.7626,2.8555,313.9829,0,23.75,10.8125,0,4299.148062
2018-04-12 09:03:00,0.0277,0.0167,0.0001,0,0.0001,2.5248,2.8233,2.7963,2.8321,2.929,314.0829,0,23.8125,9.4375,0,4367.479766
2018-04-12 09:04:00,0.0262,0.0146,0.0001,0,0.0001,2.5585,2.7877,2.7797,2.8023,2.8886,312.7598,0,23.9375,10.0625,0,4321.339605
2018-04-12 09:04:00,0.0301,0.0162,0,0,0,2.5198,2.8117,2.7536,2.8259,2.8964,313.3672,0,23.9375,10.625,0,4326.786277
2018-04-12 09:05:00,0.0352,0.0208,0.0001,0,0.0001,2.5851,2.7985,2.8047,2.8377,2.915,313.9255,0,24,10,0,4376.435396
2018-04-12 09:06:00,0.0331,0.0179,0,0.0001,0.0002,2.6067,2.83,2.8149,2.8709,2.9083,311.652,0,24.0625,10.125,0,4372.726882
2018-04-12 09:07:00,0.0348,0.0171,0,0.0002,0.0002,2.5974,2.7965,2.8419,2.8626,2.9276,314.1854,0,24.1875,11,0,4406.76442
2018-04-12 09:08:00,0.0334,0.0159,0.0001,0,0,2.6003,2.8096,2.8502,2.8678,2.9256,312.9403,0,24.3125,10.9375,0,4397.906506
2018-04-12 09:09:00,0.03,0.012,0,0.0001,0,2.6574,2.8048,2.8365,2.8558,2.9294,312.8915,0,24.3125,10.375,0,4406.732597
2018-04-12 09:10:00,0.0329,0.014,0,0.0002,0.0002,2.7148,2.8003,2.9298,2.8576,2.9828,311.3196,0,24.3125,10.5625,0,4447.293882
2018-04-12 09:11:00,0.0319,0.0134,0.0001,0,0.0001,2.6465,2.8424,2.9038,2.8407,2.9409,312.2664,0,24.3125,11.3125,0,4426.157634
2018-04-12 09:12:00,0.0263,0.0105,0,0,0,2.6888,2.8301,2.9187,2.8638,2.9792,313.485,0,24.3125,11,0,4476.753891
2018-04-12 09:12:00,0.0277,0.0116,0.0006,0,0,2.6984,2.842,2.9537,2.8729,2.9988,312.2116,0,24.3125,10.625,0,4485.169403
2018-04-12 09:13:00,0.0249,0.0121,0.0141,0,0,2.7467,2.8789,2.9815,2.9149,3.0341,310.5051,0,24.3125,11.5,0,4519.743286
2018-04-12 09:15:00,0.0223,0.0102,0.0006,0.0001,0.0002,2.7957,2.9301,2.9834,2.9365,3.0817,311.802,0,24.3125,11.25,0,4592.032775
2018-04-12 09:15:00,0.0225,0.011,0.0003,0.0001,0.0002,2.8694,2.9807,3.0677,2.9567,3.1028,311.945,0,24.3125,10.5,0,4672.093849
2018-04-12 09:16:00,0.0219,0.0103,0,0,0.0002,2.9199,3.0557,3.0992,3.0412,3.2064,311.0382,0,24.375,11.375,0,4765.851716
2018-04-12 09:17:00,0.0268,0.0163,0.0019,0.0004,0,2.9524,3.1064,3.0991,3.1194,3.2562,311.1661,0,24.5,11.625,0,4833.498614
2018-04-12 09:18:00,0.0289,0.0154,0.0004,0,0.0003,2.9655,3.1157,3.2154,3.1475,3.282,312.3856,0,24.625,11.5625,0,4912.607184
2018-04-12 09:19:00,0.0281,0.0164,0.0006,0,0.0003,3.0514,3.1774,3.2623,3.2092,3.3494,309.6635,0,24.8125,11.0625,0,4970.006276
2018-04-12 09:20:00,0.0239,0.0116,0,0.0001,0,3.0343,3.2441,3.2835,3.2266,3.3368,309.5756,0,24.9375,11.125,0,4991.999423
2018-04-12 09:21:00,0.0328,0.0182,0,0,0.0001,3.0847,3.2682,3.3417,3.2417,3.4063,311.6682,0,25.0625,9.9375,0,5093.468725
2018-04-12 09:21:00,0.0311,0.014,0,0,0.0001,2.5585,2.7752,2.8535,2.7616,2.8635,311.3431,0,25.1875,9.75,0,4300.3643
2018-04-12 09:22:00,0.0247,0.0086,0,0.0001,0,2.4297,2.6493,2.6735,2.6536,2.7414,309.3074,0,25.1875,10.0625,0,4066.619042
2018-04-12 09:23:00,0.0224,0.0064,0.0006,0,0,2.973,3.1309,3.2126,3.1345,3.2356,308.4431,0,25.25,10.5625,0,4838.423532
2018-04-12 09:24:00,0.018,0.0027,0,0,0,3.1264,3.2902,3.4025,3.3024,3.3928,308.4927,0,25.25,10.8125,0,5094.540996
2018-04-12 09:25:00,0.0159,0.0024,0.0006,0,0,2.881,3.0758,3.1609,3.1007,3.1837,313.5368,0,25.3125,11.4375,0,4829.125147
2018-04-12 09:26:00,0.0148,0.0012,0.0009,0.0001,0.0003,2.6384,2.8624,2.9261,2.8295,2.9498,316.4268,0,25.375,10.4375,0,4495.222406
2018-04-12 09:27:00,0.0166,0.0018,0,0,0,3.1812,3.423,3.4757,3.3716,3.4988,312.5939,0,25.375,9.9375,0,5298.560383
2018-04-12 09:28:00,0.0176,0.0021,0.0021,0,0,1.6777,2.022,2.0816,1.844,2.096,310.4223,0,25.3125,8.1875,0,3017.708305
2018-04-12 09:28:00,0.0126,0.0016,0.0014,0,0,2.2874,2.4639,2.5312,2.4519,2.6033,309.7972,0,25,8.125,0,3822.184914
2018-04-12 09:29:00,0.0099,0.0007,0.0014,0,0,2.5291,2.8282,2.8806,2.8012,2.9263,315.6747,0,24.75,9.0625,0,4408.523455
2018-04-12 09:30:00,0.0108,0.0011,0.0013,0,0,2.8398,3.003,3.0916,3.0194,3.1965,312.9786,0,24.625,9.6875,0,4741.719684
2018-04-12 09:31:00,0.0145,0.0033,0.0012,0,0,2.8641,3.0561,3.1834,3.0711,3.2168,311.8047,0,24.5,9.8125,0,4799.14204
2018-04-12 09:32:00,0.017,0.0043,0.002,0,0.0001,2.8975,3.0667,3.1435,3.0506,3.2124,311.1418,0,24.4375,9.8125,0,4782.467265
2018-04-12 09:33:00,0.0118,0.0013,0,0.0001,0.0001,2.9084,3.0427,3.1172,3.0394,3.1866,311.0562,0,24.3125,8.9375,0,4757.38684
2018-04-12 09:34:00,0.0154,0.0033,0.0006,0.0001,0.0003,2.899,3.0609,3.1154,3.0303,3.1834,311.685,0,24.25,9.9375,0,4765.351965
2018-04-12 09:35:00,0.0136,0.0011,0,0,0,2.9264,3.0422,3.1244,3.0369,3.1691,311.7332,0,24.25,9.375,0,4769.206227
2018-04-12 09:36:00,0.0103,0.0005,0.0006,0.0001,0.0001,2.8814,3.0408,3.128,2.9878,3.1789,311.4528,0,24.25,10.125,0,4739.346112
2018-04-12 09:37:00,0.0071,0.0002,0.0016,0,0,2.8887,3.0294,3.0901,3.0267,3.1591,310.2505,0,24.25,9.625,0,4713.946097
2018-04-12 09:37:00,0.0118,0.0008,0,0.0001,0,2.8702,3.0108,3.1323,3.0032,3.1632,312.0734,0,24.25,9.3125,0,4737.18059
2018-04-12 09:38:00,0.008,0.0002,0.0018,0.0002,0.0001,2.8499,3.0363,3.1248,3.0026,3.1926,310.8132,0,24.25,9.0625,0,4726.287682
2018-04-12 09:39:00,0.0123,0.0014,0.0017,0.0001,0.0001,2.8804,3.0289,3.1505,3.0459,3.1714,310.8,0,24.25,9.75,0,4748.12268
2018-04-12 09:40:00,0.0125,0.0008,0.0009,0,0,2.9162,3.0607,3.1183,3.0332,3.1672,311.3908,0,24.25,8.875,0,4762.90912
2018-04-12 09:41:00,0.0145,0.0018,0.0022,0,0.0002,2.8647,3.0567,3.1174,3.0412,3.2217,310.7585,0,24.25,9.375,0,4755.133339
2018-04-12 09:42:00,0.015,0.0024,0.0013,0.0001,0,2.9549,3.0725,3.1597,3.0608,3.2036,309.9525,0,24.25,9.375,0,4789.231054
2018-04-12 09:43:00,0.0144,0.0016,0,0.0001,0,2.9509,3.0322,3.1094,3.0543,3.2055,311.0533,0,24.25,10,0,4775.383578
2018-04-12 09:44:00,0.0145,0.001,0.0023,0,0,2.9221,3.0925,3.1212,3.0521,3.1823,311.1636,0,24.3125,10.125,0,4782.646765
2018-04-12 09:45:00,0.0145,0.0016,0.0021,0.0001,0.0002,2.8978,3.0646,3.0873,3.0613,3.2058,310.3632,0,24.3125,9.4375,0,4753.771062
2018-04-12 09:45:00,0.0126,0.0013,0,0.0001,0,2.9621,3.0663,3.1007,3.0628,3.1769,310.8708,0,24.3125,10.3125,0,4777.711151
2018-04-12 09:46:00,0.0153,0.0019,0.0006,0.0001,0,2.9441,3.0636,3.1468,3.0983,3.2168,310.6609,0,24.375,9.5625,0,4805.799859
2018-04-12 09:47:00,0.0132,0.0013,0,0,0,2.9705,3.0677,3.1344,3.1162,3.1989,311.838,0,24.3125,9.1875,0,4829.653393
2018-04-12 09:48:00,0.0089,0.0005,0.004,0,0,2.9885,3.0915,3.1977,3.114,3.1845,309.7614,0,24.3125,9.0625,0,4824.905519
2018-04-12 09:49:00,0.0105,0.0005,0.0003,0,0,2.9934,3.0406,3.1816,3.1177,3.2285,309.9631,0,24.25,8.875,0,4823.58377
2018-04-12 09:50:00,0.0113,0.0009,0.0011,0.0001,0,3.0006,3.0915,3.2081,3.1074,3.2239,311.7681,0,24.25,9.375,0,4873.403055
2018-04-12 09:51:00,0.0119,0.0015,0.0006,0,0.0001,3.0123,3.1341,3.2368,3.1561,3.2746,309.9986,0,24.25,9.75,0,4902.286861
2018-04-12 09:52:00,0.0133,0.0016,0.0011,0,0,3.0162,3.1033,3.1989,3.1611,3.2646,309.1927,0,24.1875,9.3125,0,4867.960788
2018-04-12 09:52:00,0.0107,0.0007,0.0021,0,0.0001,2.9855,3.1323,3.1984,3.148,3.2642,309.7501,0,24.1875,9.5,0,4871.873473
2018-04-12 09:53:00,0.0068,0.0004,0.0012,0,0,3.0189,3.0764,3.1885,3.1197,3.2322,311.101,0,24.1875,10.5,0,4864.281906
2018-04-12 09:54:00,0.0068,0.0007,0,0,0,2.9785,3.1168,3.2381,3.1597,3.2997,309.7418,0,24.25,10.1875,0,4891.690299
2018-04-12 09:55:00,0.004,0,0.0025,0,0,3.0559,3.1047,3.1944,3.1446,3.2745,309.8143,0,24.25,10.1875,0,4887.04175
2018-04-12 09:56:00,0.0042,0.0001,0.0018,0,0.0003,3.0278,3.1247,3.2351,3.1705,3.2937,309.8087,0,24.3125,9.3125,0,4911.025551
2018-04-12 09:57:00,0.0034,0.0003,0.0003,0,0,3.0554,3.1198,3.1855,3.1493,3.2835,310.6167,0,24.25,8.625,0,4905.724851
2018-04-12 09:58:00,0.0076,0.0002,0.0011,0.0001,0,3.0666,3.1289,3.2626,3.1735,3.2926,309.0326,0,24.25,9,0,4921.096929
2018-04-12 09:59:00,0.005,0.0002,0.0014,0.0001,0,3.0463,3.1244,3.2385,3.1736,3.2642,310.9398,0,24.1875,9.75,0,4927.463011
2018-04-12 10:00:00,0.0024,0,0.0001,0,0,3.0979,3.1997,3.2886,3.1834,3.2837,307.8548,0,24.1875,9.6875,0,4942.085461
2018-04-12 10:00:00,0.0056,0.0002,0.0012,0,0,3.0665,3.1667,3.2626,3.2386,3.3059,309.9883,0,24.1875,9.75,0,4972.305328
2018-04-12 10:01:00,0.0114,0.0018,0.0001,0.0001,0,3.0389,3.2028,3.2664,3.2543,3.3494,310.2427,0,24.125,9.875,0,4998.568334
2018-04-12 10:02:00,0.0145,0.0016,0.001,0,0,3.0645,3.2145,3.2607,3.2357,3.3104,310.3583,0,24.125,9.9375,0,4992.361542
2018-04-12 10:03:00,0.0163,0.0024,0.0011,0,0,3.0431,3.2037,3.258,3.2335,3.3069,312.0278,0,24.125,10.4375,0,5006.548457
2018-04-12 10:04:00,0.0177,0.0039,0.0026,0.0001,0.001,3.0341,3.2284,3.2901,3.2844,3.325,310.1934,0,24.1875,10.125,0,5013.345731
2018-04-12 10:05:00,0.016,0.0032,0.0006,0.0001,0,3.0939,3.2343,3.2626,3.2619,3.3174,310.1861,0,24.25,10.3125,0,5015.740256
2018-04-12 10:06:00,0.0147,0.0022,0,0,0,3.1226,3.305,3.3403,3.2942,3.3491,307.4324,0,24.25,9.5625,0,5045.334603
2018-04-12 10:07:00,0.0149,0.0021,0.0041,0.0005,0.0001,3.0645,3.201,3.2594,3.2688,3.3431,310.1765,0,24.3125,9.6875,0,5005.256145
2018-04-12 10:08:00,0.0151,0.0033,0.0027,0,0,3.1206,3.1939,3.3353,3.2541,3.3398,310.103,0,24.3125,9.125,0,5037.220101
2018-04-12 10:09:00,0.0133,0.0019,0.002,0.0001,0,3.1069,3.1834,3.3127,3.2302,3.3248,309.97,0,24.25,9.5625,0,5008.49526
2018-04-12 10:09:00,0.0134,0.0013,0.003,0.0001,0,3.1162,3.2366,3.3325,3.2897,3.3623,307.9728,0,24.25,10.25,0,5031.444025
2018-04-12 10:10:00,0.0159,0.0018,0.0001,0,0.0003,3.0906,3.2611,3.2956,3.2756,3.3985,308.5171,0,24.1875,9.125,0,5035.430996
2018-04-12 10:11:00,0.0135,0.002,0.003,0,0,3.1448,3.248,3.3643,3.2641,3.4008,309.0653,0,24.125,9.5,0,5075.470357
2018-04-12 10:12:00,0.0147,0.0016,0.0016,0.0001,0.0003,3.1317,3.2717,3.3513,3.3066,3.3877,308.3495,0,24.0625,9.3125,0,5072.040926
2018-04-12 10:13:00,0.0162,0.0022,0.0005,0,0,3.1176,3.2228,3.3186,3.2967,3.3761,311.265,0,24.0625,9.8125,0,5083.517727
2018-04-12 10:14:00,0.0174,0.0038,0.0022,0,0,3.1542,3.2987,3.3812,3.3479,3.4155,308.9081,0,24,9.75,0,5127.10219
2018-04-12 10:15:00,0.0155,0.0029,0.0001,0,0.0004,3.1329,3.3163,3.3857,3.3603,3.4443,308.5766,0,24,10.75,0,5134.560336
2018-04-12 10:16:00,0.0171,0.0035,0,0,0,3.1671,3.3336,3.3649,3.3952,3.4499,308.3966,0,24.0625,9.8125,0,5153.523064
2018-04-12 10:16:00,0.0163,0.004,0.002,0.0001,0,3.2154,3.3469,3.404,3.3832,3.4555,308.7949,0,24.0625,9.6875,0,5189.298295
2018-04-12 10:17:00,0.0199,0.0034,0.0005,0,0,3.1779,3.359,3.3788,3.3891,3.4743,310.0595,0,24.125,9.8125,0,5202.519356
2018-04-12 10:18:00,0.0171,0.0047,0.0002,0,0.0003,3.153,3.3769,3.4261,3.3924,3.4566,310.3091,0,24.125,9.375,0,5214.744426
2018-04-12 10:19:00,0.0157,0.0026,0,0,0,3.232,3.4187,3.4126,3.429,3.4994,307.2853,0,24.125,9.375,0,5221.299632
2018-04-12 10:20:00,0.0148,0.0022,0,0,0.0001,3.1356,3.3418,3.4158,3.3634,3.4706,310.4439,0,24.125,9.75,0,5192.857204
2018-04-12 10:21:00,0.0152,0.0036,0.0054,0,0.0002,3.1472,3.3374,3.4126,3.3807,3.4634,310.6425,0,24.125,9.1875,0,5200.559285
2018-04-12 10:22:00,0.0168,0.0029,0.0001,0,0,3.1646,3.3473,3.3703,3.3402,3.4377,310.6963,0,24.1875,10.375,0,5176.231428
2018-04-12 10:23:00,0.0158,0.0032,0.0041,0,0,3.166,3.3085,3.3509,3.3969,3.4329,311.2772,0,24.1875,9.5625,0,5184.384021
2018-04-12 10:24:00,0.0163,0.0038,0,0,0,3.1339,3.35,3.3716,3.3987,3.448,310.4051,0,24.125,9.625,0,5184.448061
2018-04-12 10:24:00,0.0158,0.0031,0.0087,0,0,3.1281,3.385,3.3617,3.357,3.4366,310.17,0,24.125,9.6875,0,5170.037628
2018-04-12 10:25:00,0.0154,0.0038,0,0,0.0002,3.1714,3.4022,3.3802,3.3699,3.4864,308.0492,0,24.0625,9.625,0,5178.337857
2018-04-12 10:26:00,0.0162,0.0023,0,0,0,3.1334,3.3329,3.3619,3.3907,3.4262,310.0813,0,24.0625,9.6875,0,5161.334247
2018-04-12 10:27:00,0.0147,0.0021,0.0006,0,0.0002,3.1613,3.3785,3.3476,3.3417,3.4696,309.5917,0,24,9.9375,0,5169.778921
2018-04-12 10:28:00,0.0155,0.0038,0,0,0,3.1113,3.366,3.3478,3.3852,3.4834,310.204,0,24,9.3125,0,5178.452515
2018-04-12 10:29:00,0.0157,0.0033,0.0001,0,0,3.1579,3.3827,3.3834,3.4026,3.4733,308.2139,0,24,9.625,0,5177.962699
2018-04-12 10:30:00,0.0175,0.0049,0,0.0002,0,3.1857,3.4085,3.4138,3.379,3.4855,308.3458,0,24,9.4375,0,5202.564511
2018-04-12 10:31:00,0.0213,0.0058,0,0,0,3.1871,3.4183,3.4011,3.4035,3.5131,308.5001,0,24,10,0,5220.778042
2018-04-12 10:32:00,0.0201,0.0059,0.0013,0.0002,0,3.1922,3.4317,3.4669,3.4776,3.4952,307.5142,0,24.0625,9.625,0,5247.299303
2018-04-12 10:32:00,0.0217,0.0061,0,0,0,3.1994,3.4261,3.4452,3.4536,3.5226,308.718,0,24.0625,10,0,5262.684874
2018-04-12 10:33:00,0.0194,0.0042,0.0006,0.0001,0,3.2357,3.4743,3.4589,3.4482,3.5176,308.6932,0,24.0625,10.0625,0,5289.365374
2018-04-12 10:34:00,0.016,0.0037,0.0001,0,0.0004,3.1657,3.4509,3.5043,3.469,3.5532,308.6697,0,24.125,9.625,0,5291.555534
2018-04-12 10:35:00,0.0165,0.0045,0.0013,0,0.0001,3.1881,3.4564,3.5017,3.4641,3.5725,311.4195,0,24.0625,9.375,0,5351.058985
2018-04-12 10:36:00,0.0184,0.0033,0.0016,0,0.0001,3.2787,3.519,3.535,3.5229,3.6249,306.6131,0,24.125,10,0,5359.750295
2018-04-12 10:37:00,0.0158,0.0029,0.0013,0,0,3.2283,3.491,3.473,3.5114,3.5557,307.487,0,24.125,10.3125,0,5307.041128
2018-04-12 10:38:00,0.0137,0.003,0.0001,0,0,3.2226,3.482,3.4945,3.4676,3.5466,307.583,0,24.1875,10.5625,0,5294.518454
2018-04-12 10:39:00,0.0328,0.0136,0,0,0.0003,3.2655,3.5265,3.5352,3.5182,3.6042,307.1046,0,22.0625,17.375,0,5358.852428
2018-04-12 10:40:00,0.0695,0.0434,0.0018,0,0.0016,3.3766,3.6409,3.6311,3.5983,3.6876,307.7221,0,16.1875,11.5,0,5518.842002
2018-04-12 10:40:00,0.1428,0.124,0.0473,0.0294,0.0432,3.5194,3.6636,3.734,3.7031,3.8106,310.1194,0,13.375,10.125,0,5715.717626
2018-04-12 10:41:00,0.2048,0.1685,0.1032,0.0843,0.0944,3.6141,3.8191,3.8821,3.8028,3.9118,310.6313,0,15.3125,10,0,5911.282576
